timestamp,timestamp exit,arm,lane,Occupancy North,Occupancy South,Sense North,Sense South,total_occupancy
2017-12-29T12:34:08.823607,2017-12-30T11:01:54.141007,A0:E6:F8:2B:32:9F,BB_SP_10.1,80860.7016,4.6158,2952,523,80865.3174
2017-12-29T20:38:08.593304,2017-12-30T08:12:32.083004,A0:E6:F8:2C:D0:F3,BB_SP_4.2,0.0,41663.4897,41,996,41663.4897
2017-12-29T23:47:14.054840,2017-12-30T07:49:52.359740,A0:E6:F8:2C:C4:55,BB_SP_3.2,0.0,28958.3049,0,238,28958.3049
2017-12-29T22:03:12.604025,2017-12-30T07:59:04.148525,A0:E6:F8:2C:D2:A5,BB_SP_1.1,0.0,35751.5445,0,1549,35751.5445
2017-12-29T22:59:36.065416,2017-12-30T07:52:40.239316,A0:E6:F8:2B:32:A5,BB_SP_1.2,31984.1739,0.0,270,0,31984.1739
2017-12-29T20:44:02.469161,2017-12-30T07:00:07.282361,A0:E6:F8:2C:D0:D5,BB_SP_5.2,36964.8132,0.0,469,0,36964.8132
2017-12-29T23:59:44.621934,2017-12-30T04:03:23.767734,A0:E6:F8:2C:D2:CD,BB_SP_7.1,0.0,14619.1458,0,929,14619.1458
2017-12-29T16:51:08.227277,2017-12-30T04:01:54.529877,A0:E6:F8:2C:D0:E1,BB_SP_9.2,2.6145,40243.6881,522,1870,40246.3026
2017-12-29T22:05:10.615034,2017-12-30T03:57:48.612734,A0:E6:F8:2B:2F:DC,BB_SP_9.1,21157.9977,0.0,554,0,21157.9977
2017-12-29T23:56:19.809152,2017-12-30T00:40:00.166052,A0:E6:F8:2B:2F:A4,BB_SP_8.1,2620.3569,0.0,320,0,2620.3569
2017-12-29T22:03:30.907870,2017-12-30T00:40:00.211570,A0:E6:F8:2B:2F:BE,BB_SP_4.1,9389.3037,0.0,397,0,9389.3037
2017-12-29T17:48:34.960319,2017-12-29T23:59:30.428519,A0:E6:F8:2C:D2:CD,BB_SP_7.1,1.05,22254.4182,313,1260,22255.4682
2017-12-29T22:03:35.390527,2017-12-29T23:44:54.892627,A0:E6:F8:2C:C4:55,BB_SP_3.2,0.0,6079.5021,0,207,6079.5021
2017-12-29T23:23:06.611675,2017-12-29T23:43:27.022475,A0:E6:F8:2B:2F:A4,BB_SP_8.1,0.0,1220.4108,0,1847,1220.4108
2017-12-29T22:42:25.803058,2017-12-29T23:22:45.332758,A0:E6:F8:2C:D2:9E,BB_SP_5.1,2419.5297,0.0,270,0,2419.5297
2017-12-29T22:42:03.817159,2017-12-29T23:22:14.035459,A0:E6:F8:2B:2F:D0,BB_SP_2.1,2410.2183,0.0,387,0,2410.2183
2017-12-29T20:42:27.344733,2017-12-29T22:58:16.949133,A0:E6:F8:2B:32:A5,BB_SP_1.2,8149.6044,0.0,268,0,8149.6044
2017-12-29T22:43:04.687977,2017-12-29T22:57:06.344877,A0:E6:F8:2C:D0:F1,BB_SP_8.2,0.0,841.6569,0,427,841.6569
2017-12-29T22:41:16.210473,2017-12-29T22:42:21.921573,A0:E6:F8:2C:D2:9E,BB_SP_5.1,65.7111,0.0,230,0,65.7111
2017-12-29T22:38:12.747642,2017-12-29T22:41:58.741242,A0:E6:F8:2B:2F:D0,BB_SP_2.1,225.9936,0.0,254,0,225.9936
2017-12-29T22:03:38.927678,2017-12-29T22:40:25.378778,A0:E6:F8:2C:D0:F8,BB_SP_6.1,2206.4511,0.0,498,0,2206.4511
2017-12-29T22:38:30.174645,2017-12-29T22:41:12.993945,A0:E6:F8:2C:D2:9E,BB_SP_5.1,162.8193,0.0,185,0,162.8193
2017-12-29T22:36:35.162594,2017-12-29T22:38:08.463494,A0:E6:F8:2B:2F:D0,BB_SP_2.1,93.3009,0.0,235,0,93.3009
2017-12-29T22:12:33.810176,2017-12-29T22:36:36.157376,A0:E6:F8:2C:D2:9E,BB_SP_5.1,1442.3472,0.0,200,0,1442.3472
2017-12-29T22:03:22.578934,2017-12-29T22:36:04.447234,A0:E6:F8:2B:2F:D0,BB_SP_2.1,1961.8683,0.0,300,0,1961.8683
2017-12-29T22:09:06.656954,2017-12-29T22:12:22.047254,A0:E6:F8:2C:D2:9E,BB_SP_5.1,195.3903,0.0,274,0,195.3903
2017-12-29T22:03:47.073905,2017-12-29T22:09:04.612805,A0:E6:F8:2C:D2:9E,BB_SP_5.1,317.5389,0.0,218,0,317.5389
2017-12-29T16:51:17.344124,2017-12-29T22:05:22.958324,A0:E6:F8:2B:2F:DC,BB_SP_9.1,18845.6142,0.0,388,0,18845.6142
2017-12-29T22:02:00.019964,2017-12-29T22:03:29.372864,A0:E6:F8:2C:D2:9E,BB_SP_5.1,89.3529,0.0,764,0,89.3529
2017-12-29T21:56:21.354145,2017-12-29T22:01:58.376845,A0:E6:F8:2C:D0:F8,BB_SP_6.1,337.0227,0.0,266,0,337.0227
2017-12-29T21:56:52.836043,2017-12-29T22:03:27.518443,A0:E6:F8:2B:2F:BE,BB_SP_4.1,394.6824,0.0,761,0,394.6824
2017-12-29T20:59:14.450765,2017-12-29T22:02:47.828165,A0:E6:F8:2B:32:91,BB_SP_2.2,0.0,3813.3774,0,474,3813.3774
2017-12-29T20:42:25.013868,2017-12-29T22:02:58.728768,A0:E6:F8:2C:D2:A5,BB_SP_1.1,0.0,4833.7149,0,544,4833.7149
2017-12-29T21:36:35.802226,2017-12-29T22:02:21.486226,A0:E6:F8:2B:2F:D0,BB_SP_2.1,1545.684,0.0,276,0,1545.684
2017-12-29T21:55:57.180599,2017-12-29T21:59:04.082699,A0:E6:F8:2C:D2:9E,BB_SP_5.1,186.9021,0.0,200,0,186.9021
2017-12-29T20:38:56.844764,2017-12-29T21:54:34.995164,A0:E6:F8:2C:C4:55,BB_SP_3.2,0.0,4538.1504,0,1764,4538.1504
2017-12-29T21:50:57.431180,2017-12-29T21:55:55.001180,A0:E6:F8:2C:D2:9E,BB_SP_5.1,297.57,0.0,239,0,297.57
2017-12-29T21:51:16.687740,2017-12-29T21:55:45.397440,A0:E6:F8:2C:D0:F8,BB_SP_6.1,268.7097,0.0,161,0,268.7097
2017-12-29T21:40:20.020011,2017-12-29T21:50:15.943311,A0:E6:F8:2C:D0:F8,BB_SP_6.1,595.9233,0.0,249,0,595.9233
2017-12-29T21:39:58.772127,2017-12-29T21:50:53.904927,A0:E6:F8:2C:D2:9E,BB_SP_5.1,655.1328,0.0,240,0,655.1328
2017-12-29T20:44:36.747854,2017-12-29T21:37:49.936454,A0:E6:F8:2C:D0:F8,BB_SP_6.1,3193.1886,0.0,244,0,3193.1886
2017-12-29T21:36:30.306188,2017-12-29T21:39:52.450088,A0:E6:F8:2C:D2:9E,BB_SP_5.1,202.1439,0.0,192,0,202.1439
2017-12-29T21:32:36.180951,2017-12-29T21:36:32.147451,A0:E6:F8:2B:2F:D0,BB_SP_2.1,235.9665,0.0,308,0,235.9665
2017-12-29T21:32:56.116854,2017-12-29T21:36:28.964454,A0:E6:F8:2C:D2:9E,BB_SP_5.1,212.8476,0.0,233,0,212.8476
2017-12-29T20:44:36.980126,2017-12-29T21:32:46.928726,A0:E6:F8:2C:D2:9E,BB_SP_5.1,2889.9486,0.0,192,0,2889.9486
2017-12-29T20:59:20.833564,2017-12-29T21:32:13.319464,A0:E6:F8:2B:2F:D0,BB_SP_2.1,1972.4859,0.0,247,0,1972.4859
2017-12-29T17:38:31.164782,2017-12-29T20:57:10.544282,A0:E6:F8:2B:32:91,BB_SP_2.2,0.3234,11919.0561,1973,1978,11919.3795
2017-12-29T19:50:44.826406,2017-12-29T20:44:38.034706,A0:E6:F8:2C:D0:F8,BB_SP_6.1,3233.2083,0.0,315,0,3233.2083
2017-12-29T19:47:07.521838,2017-12-29T20:41:48.429538,A0:E6:F8:2B:32:A5,BB_SP_1.2,3280.9077,0.0,442,92,3280.9077
2017-12-29T19:11:01.636097,2017-12-29T20:41:21.078797,A0:E6:F8:2B:2F:D0,BB_SP_2.1,0.0,5419.4427,0,387,5419.4427
2017-12-29T19:57:50.202979,2017-12-29T20:11:00.798379,A0:E6:F8:2C:D2:9E,BB_SP_5.1,790.5954,0.0,193,0,790.5954
2017-12-29T19:53:04.862003,2017-12-29T19:57:48.876503,A0:E6:F8:2C:D2:9E,BB_SP_5.1,284.0145,0.0,232,0,284.0145
2017-12-29T19:50:58.170458,2017-12-29T19:52:49.401158,A0:E6:F8:2C:D2:9E,BB_SP_5.1,111.2307,0.0,227,0,111.2307
2017-12-29T19:41:32.243097,2017-12-29T19:50:44.975697,A0:E6:F8:2C:D0:D5,BB_SP_5.2,3.1311,549.6015,2097,628,552.7326
2017-12-29T19:49:31.190802,2017-12-29T19:50:42.456402,A0:E6:F8:2C:D0:F8,BB_SP_6.1,71.2656,0.0,202,0,71.2656
2017-12-29T19:41:35.646523,2017-12-29T19:49:37.109323,A0:E6:F8:2C:D0:F8,BB_SP_6.1,481.4628,0.0,230,0,481.4628
2017-12-29T19:42:21.645996,2017-12-29T19:48:58.050396,A0:E6:F8:2C:D0:F3,BB_SP_4.2,396.4044,0.0,204,0,396.4044
2017-12-29T19:15:20.653721,2017-12-29T19:46:48.356321,A0:E6:F8:2B:32:A5,BB_SP_1.2,1885.0482,2.6544,684,513,1887.7026
2017-12-29T18:28:02.538207,2017-12-29T19:42:53.337807,A0:E6:F8:2C:D0:F8,BB_SP_6.1,4490.7996,0.0,289,0,4490.7996
2017-12-29T17:28:29.383308,2017-12-29T19:38:52.780008,A0:E6:F8:2C:D0:F3,BB_SP_4.2,0.0,7823.3967,0,844,7823.3967
2017-12-29T17:33:28.558976,2017-12-29T19:39:56.390276,A0:E6:F8:2B:2F:BE,BB_SP_4.1,0.0,7587.8313,0,941,7587.8313
2017-12-29T19:11:00.482262,2017-12-29T19:15:00.925962,A0:E6:F8:2B:32:A5,BB_SP_1.2,240.4437,0.0,648,0,240.4437
2017-12-29T18:51:18.553114,2017-12-29T19:10:48.234214,A0:E6:F8:2B:2F:D0,BB_SP_2.1,0.0,1169.6811,0,807,1169.6811
2017-12-29T18:19:56.647462,2017-12-29T19:10:31.149562,A0:E6:F8:2B:32:A5,BB_SP_1.2,3033.8721,0.63,686,519,3034.5021
2017-12-29T18:41:52.761005,2017-12-29T18:47:51.722405,A0:E6:F8:2C:C4:55,BB_SP_3.2,1.932,357.0294,1105,1886,358.9614
2017-12-29T18:02:41.408417,2017-12-29T18:35:45.692117,A0:E6:F8:2C:C4:55,BB_SP_3.2,0.0,1984.2837,0,391,1984.2837
2017-12-29T18:27:57.283906,2017-12-29T18:30:31.247506,A0:E6:F8:2C:C4:4D,BB_SP_6.2,0.2562,153.7074,367,851,153.9636
2017-12-29T17:15:35.731046,2017-12-29T18:19:07.735046,A0:E6:F8:2B:32:A5,BB_SP_1.2,3810.5886,1.4154,530,532,3812.004
2017-12-29T18:16:06.705753,2017-12-29T18:19:39.303453,A0:E6:F8:2C:D2:A5,BB_SP_1.1,0.0,212.5977,0,271,212.5977
2017-12-29T17:53:50.962358,2017-12-29T18:05:33.985658,A0:E6:F8:2C:D0:D5,BB_SP_5.2,696.7548,6.2685,1856,1756,703.0233
2017-12-29T18:02:22.230208,2017-12-29T18:05:29.953408,A0:E6:F8:2C:D2:9E,BB_SP_5.1,187.7232,0.0,680,0,187.7232
2017-12-29T17:53:55.141999,2017-12-29T18:02:12.655099,A0:E6:F8:2C:D2:9E,BB_SP_5.1,497.5131,0.0,656,0,497.5131
2017-12-29T16:26:25.333402,2017-12-29T17:37:56.635102,A0:E6:F8:2B:32:91,BB_SP_2.2,1.7955,4289.5062,1973,1996,4291.3017
2017-12-29T17:25:10.836747,2017-12-29T17:26:56.815347,A0:E6:F8:2C:C4:55,BB_SP_3.2,0.0,105.9786,0,1359,105.9786
2017-12-29T17:04:17.302410,2017-12-29T17:15:27.985710,A0:E6:F8:2B:32:A5,BB_SP_1.2,669.7089,0.9744,2200,536,670.6833
2017-12-29T16:59:12.966841,2017-12-29T17:04:15.868741,A0:E6:F8:2C:D2:A5,BB_SP_1.1,1.8942,301.0077,2266,1817,302.9019
2017-12-29T17:01:45.799886,2017-12-29T17:04:12.969986,A0:E6:F8:2B:32:A5,BB_SP_1.2,147.1701,0.0,577,0,147.1701
2017-12-29T16:28:13.584629,2017-12-29T16:58:59.633729,A0:E6:F8:2B:32:A5,BB_SP_1.2,1845.7173,0.3318,570,395,1846.0491
2017-12-29T16:41:56.412220,2017-12-29T16:46:09.290020,A0:E6:F8:2B:2F:D0,BB_SP_2.1,0.5208,252.357,829,658,252.8778
2017-12-29T16:04:08.438042,2017-12-29T16:27:13.644242,A0:E6:F8:2B:32:A5,BB_SP_1.2,0.0,1385.2062,0,496,1385.2062
2017-12-29T16:18:07.299538,2017-12-29T16:26:27.546838,A0:E6:F8:2C:D0:D5,BB_SP_5.2,0.0,500.2473,127,1776,500.2473
2017-12-29T16:24:46.102564,2017-12-29T16:26:24.166264,A0:E6:F8:2B:32:91,BB_SP_2.2,0.0,98.0637,44,358,98.0637
2017-12-29T16:18:09.509078,2017-12-29T16:26:21.868778,A0:E6:F8:2C:D2:9E,BB_SP_5.1,0.0,492.3597,0,279,492.3597
2017-12-29T16:14:16.982782,2017-12-29T16:16:42.936982,A0:E6:F8:2B:32:91,BB_SP_2.2,0.0,145.9542,146,1984,145.9542
2017-12-29T16:11:27.503833,2017-12-29T16:13:57.895333,A0:E6:F8:2B:32:91,BB_SP_2.2,150.3915,0.0,584,0,150.3915
2017-12-29T15:55:18.751099,2017-12-29T16:11:18.024799,A0:E6:F8:2B:32:91,BB_SP_2.2,0.0,959.2737,0,416,959.2737
2017-12-29T15:52:06.259598,2017-12-29T16:10:39.931598,A0:E6:F8:2C:C4:55,BB_SP_3.2,0.0,1113.672,117,1910,1113.672
2017-12-29T16:04:44.278842,2017-12-29T16:11:03.816042,A0:E6:F8:2B:2F:BE,BB_SP_4.1,379.5372,0.0,185,0,379.5372
2017-12-29T16:03:22.118885,2017-12-29T16:04:41.849585,A0:E6:F8:2B:2F:BE,BB_SP_4.1,79.7307,0.0,177,0,79.7307
2017-12-29T15:53:07.654515,2017-12-29T16:03:59.589015,A0:E6:F8:2B:32:A5,BB_SP_1.2,651.84,0.0945,648,167,651.9345
2017-12-29T15:55:30.254655,2017-12-29T16:03:18.010755,A0:E6:F8:2B:2F:BE,BB_SP_4.1,467.7561,0.0,184,0,467.7561
2017-12-29T15:52:06.917544,2017-12-29T15:55:30.027444,A0:E6:F8:2B:2F:BE,BB_SP_4.1,203.1099,0.0,172,0,203.1099
2017-12-29T15:35:59.987690,2017-12-29T15:55:08.979590,A0:E6:F8:2B:32:91,BB_SP_2.2,277.0278,871.9641,872,1989,1148.9919
2017-12-29T15:41:16.522035,2017-12-29T15:52:58.598235,A0:E6:F8:2B:32:A5,BB_SP_1.2,699.9594,2.1168,471,542,702.0762
2017-12-29T15:46:01.988526,2017-12-29T15:49:18.315426,A0:E6:F8:2C:D0:D5,BB_SP_5.2,0.0,196.3269,0,408,196.3269
2017-12-29T15:42:56.995784,2017-12-29T15:46:00.575684,A0:E6:F8:2C:D0:D5,BB_SP_5.2,0.0,183.5799,0,235,183.5799
2017-12-29T15:34:15.860832,2017-12-29T15:43:51.504432,A0:E6:F8:2C:C4:55,BB_SP_3.2,0.8988,574.7448,809,1910,575.6436
2017-12-29T15:27:08.425954,2017-12-29T15:41:06.370054,A0:E6:F8:2B:32:A5,BB_SP_1.2,0.966,836.9781,2036,554,837.9441
2017-12-29T15:20:35.775257,2017-12-29T15:36:45.994157,A0:E6:F8:2C:D0:F3,BB_SP_4.2,970.2189,0.0,297,5,970.2189
2017-12-29T15:25:16.093698,2017-12-29T15:35:54.502098,A0:E6:F8:2B:32:91,BB_SP_2.2,0.0,638.4084,58,1994,638.4084
2017-12-29T15:05:57.467534,2017-12-29T15:26:56.134034,A0:E6:F8:2B:32:A5,BB_SP_1.2,1258.6665,0.0,992,48,1258.6665
2017-12-29T15:18:48.902339,2017-12-29T15:25:12.318239,A0:E6:F8:2B:32:91,BB_SP_2.2,0.21,383.2059,223,1996,383.4159
2017-12-29T15:04:39.538656,2017-12-29T15:18:41.968356,A0:E6:F8:2B:32:91,BB_SP_2.2,0.0,842.4297,87,1824,842.4297
2017-12-29T15:10:12.518315,2017-12-29T15:17:00.518915,A0:E6:F8:2C:D0:F3,BB_SP_4.2,2.0517,405.9489,1656,1033,408.0006
2017-12-29T15:03:59.293663,2017-12-29T15:09:45.585763,A0:E6:F8:2B:2F:BE,BB_SP_4.1,346.2921,0.0,716,0,346.2921
2017-12-29T15:02:46.315608,2017-12-29T15:05:22.326708,A0:E6:F8:2B:32:A5,BB_SP_1.2,156.0111,0.0,278,103,156.0111
2017-12-29T14:51:12.648423,2017-12-29T15:02:28.100823,A0:E6:F8:2B:32:A5,BB_SP_1.2,675.4524,0.0,760,84,675.4524
2017-12-29T14:50:24.360672,2017-12-29T14:58:09.258672,A0:E6:F8:2C:D0:F3,BB_SP_4.2,1.491,463.407,394,1843,464.898
2017-12-29T14:50:35.268735,2017-12-29T14:58:10.019535,A0:E6:F8:2B:2F:BE,BB_SP_4.1,0.0,454.7508,0,243,454.7508
2017-12-29T14:17:35.846964,2017-12-29T14:57:50.456364,A0:E6:F8:2C:D2:CD,BB_SP_7.1,0.0,2414.6094,0,1154,2414.6094
2017-12-29T14:17:40.390763,2017-12-29T14:56:57.844463,A0:E6:F8:2C:D0:CD,BB_SP_7.2,0.0,2357.4537,0,872,2357.4537
2017-12-29T14:45:24.886165,2017-12-29T14:51:08.305465,A0:E6:F8:2C:D2:A5,BB_SP_1.1,343.4193,0.0,862,0,343.4193
2017-12-29T14:24:41.503831,2017-12-29T14:49:37.592131,A0:E6:F8:2B:32:91,BB_SP_2.2,0.0,1496.0883,0,1499,1496.0883
2017-12-29T14:41:48.064002,2017-12-29T14:46:54.561102,A0:E6:F8:2C:D2:9E,BB_SP_5.1,306.4971,0.0,522,52,306.4971
2017-12-29T14:43:30.460340,2017-12-29T14:45:23.093840,A0:E6:F8:2B:32:A5,BB_SP_1.2,112.6335,0.0,466,0,112.6335
2017-12-29T14:09:03.105726,2017-12-29T14:43:08.029026,A0:E6:F8:2B:32:A5,BB_SP_1.2,0.0,2044.9233,0,529,2044.9233
2017-12-29T14:33:08.024288,2017-12-29T14:41:07.483688,A0:E6:F8:2C:C4:55,BB_SP_3.2,0.0,479.4594,0,806,479.4594
2017-12-29T14:16:02.458616,2017-12-29T14:29:30.263516,A0:E6:F8:2C:D0:E1,BB_SP_9.2,0.0,807.8049,0,1359,807.8049
2017-12-29T14:16:22.011873,2017-12-29T14:24:37.011273,A0:E6:F8:2B:32:91,BB_SP_2.2,0.1911,494.8083,261,2006,494.9994
2017-12-29T14:16:19.902801,2017-12-29T14:24:26.363601,A0:E6:F8:2B:2F:D0,BB_SP_2.1,483.4011,3.0597,705,1119,486.4608
2017-12-29T14:00:50.025515,2017-12-29T14:21:12.643415,A0:E6:F8:2C:C4:55,BB_SP_3.2,0.0,1222.6179,0,1944,1222.6179
2017-12-29T14:09:53.470951,2017-12-29T14:17:00.205651,A0:E6:F8:2C:D0:D5,BB_SP_5.2,11.4555,415.2792,2188,1884,426.7347
2017-12-29T13:15:48.500218,2017-12-29T14:15:52.681918,A0:E6:F8:2B:32:91,BB_SP_2.2,0.861,3603.3207,1590,2023,3604.1817
2017-12-29T14:13:07.751673,2017-12-29T14:16:02.030673,A0:E6:F8:2C:D0:E1,BB_SP_9.2,0.0,174.279,0,215,174.279
2017-12-29T14:07:02.155430,2017-12-29T14:13:09.168230,A0:E6:F8:2C:D0:E1,BB_SP_9.2,0.0,367.0128,0,303,367.0128
2017-12-29T13:13:16.187787,2017-12-29T14:11:58.080987,A0:E6:F8:2B:2F:BE,BB_SP_4.1,496.8348,3025.0584,2348,1547,3521.8932
2017-12-29T14:02:50.808093,2017-12-29T14:09:18.335793,A0:E6:F8:2C:C4:4D,BB_SP_6.2,0.0,387.5277,48,1785,387.5277
2017-12-29T13:59:39.965333,2017-12-29T14:08:37.708133,A0:E6:F8:2B:32:A5,BB_SP_1.2,0.0,537.7428,0,526,537.7428
2017-12-29T13:58:35.130120,2017-12-29T14:08:36.488220,A0:E6:F8:2C:D2:A5,BB_SP_1.1,597.24,4.1181,2248,1210,601.3581
2017-12-29T13:57:34.609551,2017-12-29T13:58:37.897251,A0:E6:F8:2B:32:A5,BB_SP_1.2,63.2877,0.0,1771,0,63.2877
2017-12-29T13:34:01.196988,2017-12-29T13:57:15.804888,A0:E6:F8:2B:32:A5,BB_SP_1.2,1392.7032,1.9047,2491,526,1394.6079
2017-12-29T13:37:26.698851,2017-12-29T13:53:07.156551,A0:E6:F8:2C:C4:4D,BB_SP_6.2,0.0,940.4577,96,1312,940.4577
2017-12-29T13:36:10.787180,2017-12-29T13:48:50.926280,A0:E6:F8:2C:C4:55,BB_SP_3.2,0.5628,759.5763,961,1936,760.1391
2017-12-29T13:42:31.851856,2017-12-29T13:46:38.414956,A0:E6:F8:2C:D0:D5,BB_SP_5.2,0.0,246.5631,0,1926,246.5631
2017-12-29T13:32:24.560308,2017-12-29T13:45:17.354008,A0:E6:F8:2C:D2:CD,BB_SP_7.1,0.0,772.7937,0,410,772.7937
2017-12-29T13:19:33.388940,2017-12-29T13:40:30.816440,A0:E6:F8:2C:D0:D5,BB_SP_5.2,0.6657,1256.7618,332,930,1257.4275
2017-12-29T13:29:01.497222,2017-12-29T13:34:28.116522,A0:E6:F8:2C:C4:55,BB_SP_3.2,0.5418,326.0775,1652,1934,326.6193
2017-12-29T13:29:45.318558,2017-12-29T13:33:53.752758,A0:E6:F8:2C:D2:A5,BB_SP_1.1,0.0,248.4342,0,922,248.4342
2017-12-29T13:23:24.770200,2017-12-29T13:33:33.322900,A0:E6:F8:2C:D0:E1,BB_SP_9.2,2.0874,606.4653,2195,1885,608.5527
2017-12-29T12:20:44.428832,2017-12-29T13:29:09.223232,A0:E6:F8:2B:32:A5,BB_SP_1.2,4104.7944,0.0,2953,73,4104.7944
2017-12-29T13:20:37.379962,2017-12-29T13:26:11.750362,A0:E6:F8:2C:D2:CD,BB_SP_7.1,334.3704,0.0,242,0,334.3704
2017-12-29T13:16:00.741670,2017-12-29T13:17:01.261570,A0:E6:F8:2C:D0:D5,BB_SP_5.2,0.0,60.5199,0,176,60.5199
2017-12-29T13:13:23.946008,2017-12-29T13:16:20.241008,A0:E6:F8:2C:D2:A5,BB_SP_1.1,0.0,176.295,0,186,176.295
2017-12-29T12:55:16.078278,2017-12-29T13:15:59.700378,A0:E6:F8:2C:D0:D5,BB_SP_5.2,1240.5981,3.024,2514,1554,1243.6221
2017-12-29T12:21:23.680403,2017-12-29T13:15:22.201703,A0:E6:F8:2B:32:91,BB_SP_2.2,1.0836,3237.4377,1633,2019,3238.5213
2017-12-29T13:13:02.973490,2017-12-29T13:15:42.466390,A0:E6:F8:2B:2F:D0,BB_SP_2.1,3.0261,156.4668,597,1622,159.4929
2017-12-29T13:02:46.920189,2017-12-29T13:13:17.245689,A0:E6:F8:2B:2F:BE,BB_SP_4.1,628.4019,1.9236,1647,1353,630.3255
2017-12-29T12:23:10.172470,2017-12-29T13:03:02.040970,A0:E6:F8:2B:2F:BE,BB_SP_4.1,2389.3023,2.5662,2348,1539,2391.8685
2017-12-29T12:58:21.893274,2017-12-29T12:59:55.998474,A0:E6:F8:2C:D0:CD,BB_SP_7.2,0.6195,93.4857,1459,1971,94.1052
2017-12-29T12:43:43.026509,2017-12-29T12:56:48.044309,A0:E6:F8:2C:C4:55,BB_SP_3.2,785.0178,0.0,1806,81,785.0178
2017-12-29T12:52:53.341239,2017-12-29T12:55:15.486039,A0:E6:F8:2C:D0:D5,BB_SP_5.2,141.8802,0.2646,966,360,142.1448
2017-12-29T12:53:29.420190,2017-12-29T12:55:14.499990,A0:E6:F8:2C:D0:F3,BB_SP_4.2,105.0798,0.0,253,0,105.0798
2017-12-29T12:53:27.056101,2017-12-29T12:55:07.041301,A0:E6:F8:2C:C4:4D,BB_SP_6.2,0.0,99.9852,12,990,99.9852
2017-12-29T12:23:08.510471,2017-12-29T12:52:09.681371,A0:E6:F8:2C:D2:9E,BB_SP_5.1,0.0,1741.1709,0,266,1741.1709
2017-12-29T12:40:53.642136,2017-12-29T12:50:01.866036,A0:E6:F8:2C:D0:F3,BB_SP_4.2,0.0,548.2239,90,698,548.2239
2017-12-29T12:38:33.440285,2017-12-29T12:40:29.923085,A0:E6:F8:2C:D0:F3,BB_SP_4.2,0.0,116.4828,0,1959,116.4828
2017-12-29T08:39:58.963349,2017-12-29T12:36:42.496049,A0:E6:F8:2B:32:9F,BB_SP_10.1,14201.7519,1.7808,2952,523,14203.5327
2017-12-29T12:03:31.574160,2017-12-29T12:22:53.210160,A0:E6:F8:2B:2F:BE,BB_SP_4.1,1161.636,0.0,431,93,1161.636
2017-12-29T11:49:53.439553,2017-12-29T12:22:42.227353,A0:E6:F8:2C:D0:F3,BB_SP_4.2,0.6069,1968.1809,676,754,1968.7878
2017-12-29T12:08:41.071867,2017-12-29T12:22:59.337667,A0:E6:F8:2C:D2:9E,BB_SP_5.1,0.0,858.2658,0,211,858.2658
2017-12-29T12:09:27.603834,2017-12-29T12:20:54.438234,A0:E6:F8:2B:2F:D0,BB_SP_2.1,686.8344,0.0,554,0,686.8344
2017-12-29T12:09:28.726488,2017-12-29T12:20:35.711688,A0:E6:F8:2B:32:A5,BB_SP_1.2,666.9852,0.0,991,13,666.9852
2017-12-29T12:05:26.332746,2017-12-29T12:09:24.684846,A0:E6:F8:2B:32:91,BB_SP_2.2,0.0,238.3521,24,2017,238.3521
2017-12-29T12:07:28.264157,2017-12-29T12:08:38.357957,A0:E6:F8:2C:D0:D5,BB_SP_5.2,66.2193,3.8745,2492,1572,70.0938
2017-12-29T11:56:55.447100,2017-12-29T12:08:07.190900,A0:E6:F8:2C:D0:CD,BB_SP_7.2,671.7438,0.0,1473,0,671.7438
2017-12-29T12:04:13.834802,2017-12-29T12:08:11.855102,A0:E6:F8:2C:D0:E1,BB_SP_9.2,0.63,237.3903,496,1323,238.0203
2017-12-29T11:25:35.194505,2017-12-29T12:07:20.347505,A0:E6:F8:2C:D2:9E,BB_SP_5.1,2505.153,0.0,1298,0,2505.153
2017-12-29T11:44:51.544754,2017-12-29T12:07:24.566354,A0:E6:F8:2C:D0:D5,BB_SP_5.2,1353.0216,0.0,222,0,1353.0216
2017-12-29T11:23:59.811545,2017-12-29T12:04:55.793045,A0:E6:F8:2B:32:91,BB_SP_2.2,1.2075,2454.774,1138,2012,2455.9815
2017-12-29T11:36:00.611889,2017-12-29T12:04:31.857789,A0:E6:F8:2B:32:A5,BB_SP_1.2,1711.2459,0.0,1608,0,1711.2459
2017-12-29T11:49:56.109335,2017-12-29T12:03:33.307535,A0:E6:F8:2B:2F:BE,BB_SP_4.1,817.1982,0.0,412,0,817.1982
2017-12-29T11:41:50.877709,2017-12-29T11:57:40.025209,A0:E6:F8:2C:C4:55,BB_SP_3.2,2.6334,946.5141,1818,1900,949.1475
2017-12-29T11:48:43.681846,2017-12-29T11:49:49.138846,A0:E6:F8:2B:2F:BE,BB_SP_4.1,63.3192,2.1378,530,1215,65.457
2017-12-29T11:44:40.361841,2017-12-29T11:48:43.201641,A0:E6:F8:2B:2F:BE,BB_SP_4.1,242.8398,0.0,255,0,242.8398
2017-12-29T11:25:38.297379,2017-12-29T11:44:46.134279,A0:E6:F8:2C:D0:D5,BB_SP_5.2,1147.8369,0.0,284,0,1147.8369
2017-12-29T11:39:05.335623,2017-12-29T11:44:36.591723,A0:E6:F8:2C:D0:F3,BB_SP_4.2,1.6275,329.6286,2035,1374,331.2561
2017-12-29T11:39:07.749260,2017-12-29T11:44:37.652960,A0:E6:F8:2B:2F:BE,BB_SP_4.1,0.0,329.9037,0,421,329.9037
2017-12-29T11:36:05.881892,2017-12-29T11:40:08.845592,A0:E6:F8:2C:C4:55,BB_SP_3.2,0.0,242.9637,0,1583,242.9637
2017-12-29T11:25:09.302892,2017-12-29T11:39:06.833292,A0:E6:F8:2B:2F:BE,BB_SP_4.1,835.9008,1.6296,1185,1389,837.5304
2017-12-29T11:30:48.519878,2017-12-29T11:35:57.041378,A0:E6:F8:2B:32:A5,BB_SP_1.2,308.5215,0.0,1406,53,308.5215
2017-12-29T11:23:54.310958,2017-12-29T11:30:43.894958,A0:E6:F8:2B:32:A5,BB_SP_1.2,409.584,0.0,2958,52,409.584
2017-12-29T11:25:58.201454,2017-12-29T11:28:08.535854,A0:E6:F8:2C:C4:55,BB_SP_3.2,130.3344,0.0,484,109,130.3344
2017-12-29T11:00:11.045533,2017-12-29T11:25:16.176433,A0:E6:F8:2C:D0:D5,BB_SP_5.2,1504.9209,0.21,1511,1569,1505.1309
2017-12-29T11:21:41.234688,2017-12-29T11:24:52.628688,A0:E6:F8:2B:2F:BE,BB_SP_4.1,191.394,0.0,196,0,191.394
2017-12-29T11:18:55.763739,2017-12-29T11:21:37.785039,A0:E6:F8:2B:2F:BE,BB_SP_4.1,161.5257,0.4956,600,262,162.0213
2017-12-29T10:58:55.579404,2017-12-29T11:19:26.040804,A0:E6:F8:2C:D0:CD,BB_SP_7.2,1227.6537,2.8077,827,1968,1230.4614
2017-12-29T10:58:27.523331,2017-12-29T11:19:51.352031,A0:E6:F8:2C:D2:CD,BB_SP_7.1,0.0,1283.8287,0,1652,1283.8287
2017-12-29T11:03:15.211352,2017-12-29T11:18:58.273052,A0:E6:F8:2B:2F:BE,BB_SP_4.1,942.3414,0.7203,600,1527,943.0617
2017-12-29T11:14:08.257277,2017-12-29T11:15:36.360677,A0:E6:F8:2B:32:A5,BB_SP_1.2,88.1034,0.0,2150,0,88.1034
2017-12-29T11:07:33.456018,2017-12-29T11:13:55.586718,A0:E6:F8:2B:32:A5,BB_SP_1.2,382.1307,0.0,2969,36,382.1307
2017-12-29T11:03:18.420860,2017-12-29T11:09:02.925860,A0:E6:F8:2C:D0:F3,BB_SP_4.2,0.0,344.505,32,820,344.505
2017-12-29T11:02:21.041260,2017-12-29T11:07:29.390560,A0:E6:F8:2B:32:A5,BB_SP_1.2,308.3493,0.0,2969,36,308.3493
2017-12-29T10:58:01.713834,2017-12-29T11:03:14.378634,A0:E6:F8:2B:2F:BE,BB_SP_4.1,311.7471,0.9177,800,1522,312.6648
2017-12-29T10:46:09.107376,2017-12-29T11:00:13.210776,A0:E6:F8:2C:D0:D5,BB_SP_5.2,844.1034,0.0,263,0,844.1034
2017-12-29T10:53:41.045270,2017-12-29T10:59:57.211970,A0:E6:F8:2C:C4:55,BB_SP_3.2,11.403,364.7637,1810,1907,376.1667
2017-12-29T10:43:30.973688,2017-12-29T10:58:02.597588,A0:E6:F8:2B:2F:BE,BB_SP_4.1,871.6239,0.0,258,0,871.6239
2017-12-29T10:37:37.694876,2017-12-29T10:51:39.450476,A0:E6:F8:2B:32:A5,BB_SP_1.2,841.7556,0.0,1601,19,841.7556
2017-12-29T10:35:36.313488,2017-12-29T10:46:10.110288,A0:E6:F8:2C:D0:D5,BB_SP_5.2,633.7968,0.0,246,0,633.7968
2017-12-29T10:41:23.532535,2017-12-29T10:43:29.965135,A0:E6:F8:2B:2F:BE,BB_SP_4.1,126.4326,0.0,291,0,126.4326
2017-12-29T10:31:15.963012,2017-12-29T10:41:31.155912,A0:E6:F8:2C:D0:F3,BB_SP_4.2,0.0,615.1929,55,1933,615.1929
2017-12-29T10:33:08.174285,2017-12-29T10:41:24.009485,A0:E6:F8:2B:2F:BE,BB_SP_4.1,495.8352,0.0,215,0,495.8352
2017-12-29T10:32:41.511372,2017-12-29T10:39:11.586372,A0:E6:F8:2C:C4:4D,BB_SP_6.2,1.8711,388.2039,2200,1881,390.075
2017-12-29T10:32:55.164017,2017-12-29T10:35:33.042017,A0:E6:F8:2C:D0:D5,BB_SP_5.2,157.878,0.0,213,0,157.878
2017-12-29T10:28:31.316107,2017-12-29T10:35:19.955107,A0:E6:F8:2C:C4:55,BB_SP_3.2,407.1291,1.5099,1803,1910,408.639
2017-12-29T10:19:38.442204,2017-12-29T10:32:49.671804,A0:E6:F8:2C:D0:D5,BB_SP_5.2,0.0,791.2296,137,451,791.2296
2017-12-29T10:30:28.100686,2017-12-29T10:32:32.235886,A0:E6:F8:2B:2F:BE,BB_SP_4.1,123.4737,0.6615,1681,1515,124.1352
2017-12-29T10:28:25.446620,2017-12-29T10:30:52.259720,A0:E6:F8:2C:D0:F3,BB_SP_4.2,0.0,146.8131,90,519,146.8131
2017-12-29T10:17:34.209820,2017-12-29T10:30:27.291220,A0:E6:F8:2B:2F:BE,BB_SP_4.1,773.0814,0.0,273,0,773.0814
2017-12-29T10:20:51.367023,2017-12-29T10:27:49.170423,A0:E6:F8:2C:C4:55,BB_SP_3.2,0.0,417.8034,0,535,417.8034
2017-12-29T09:59:40.592520,2017-12-29T10:27:19.225020,A0:E6:F8:2B:32:A5,BB_SP_1.2,1658.6325,0.0,1104,13,1658.6325
2017-12-29T10:07:42.185379,2017-12-29T10:19:38.751579,A0:E6:F8:2C:D0:D5,BB_SP_5.2,530.7414,185.8248,947,724,716.5662
2017-12-29T10:15:42.927636,2017-12-29T10:17:33.677436,A0:E6:F8:2B:2F:BE,BB_SP_4.1,109.1937,1.5561,823,859,110.7498
2017-12-29T09:51:06.068228,2017-12-29T10:15:46.337228,A0:E6:F8:2B:2F:BE,BB_SP_4.1,1479.5928,0.6762,425,971,1480.269
2017-12-29T10:10:35.346473,2017-12-29T10:14:34.189973,A0:E6:F8:2C:C4:55,BB_SP_3.2,1.4952,237.3483,1788,1916,238.8435
2017-12-29T10:06:06.540944,2017-12-29T10:07:41.662544,A0:E6:F8:2C:D0:D5,BB_SP_5.2,95.1216,0.0,351,10,95.1216
2017-12-29T10:03:46.210844,2017-12-29T10:06:06.087644,A0:E6:F8:2C:D0:D5,BB_SP_5.2,139.8768,0.0,222,0,139.8768
2017-12-29T10:01:29.981837,2017-12-29T10:03:44.982437,A0:E6:F8:2C:D0:D5,BB_SP_5.2,135.0006,0.0,229,0,135.0006
2017-12-29T09:58:33.567452,2017-12-29T10:01:28.659152,A0:E6:F8:2C:D0:D5,BB_SP_5.2,174.8817,0.21,2492,1561,175.0917
2017-12-29T09:54:51.175683,2017-12-29T10:01:15.511383,A0:E6:F8:2C:C4:55,BB_SP_3.2,0.42,383.9157,1279,1923,384.3357
2017-12-29T09:28:02.466479,2017-12-29T09:59:21.626279,A0:E6:F8:2B:32:A5,BB_SP_1.2,1879.1598,0.0,1731,9,1879.1598
2017-12-29T09:51:35.331234,2017-12-29T09:58:34.081734,A0:E6:F8:2C:D0:D5,BB_SP_5.2,418.425,0.3255,891,1561,418.7505
2017-12-29T09:48:09.396026,2017-12-29T09:51:00.207926,A0:E6:F8:2B:2F:BE,BB_SP_4.1,170.1,0.7119,461,300,170.8119
2017-12-29T09:48:09.329326,2017-12-29T09:49:29.988226,A0:E6:F8:2C:C4:55,BB_SP_3.2,1.0584,79.6005,1780,1931,80.6589
2017-12-29T09:45:51.200206,2017-12-29T09:48:15.715906,A0:E6:F8:2B:2F:D0,BB_SP_2.1,0.0,144.5157,38,394,144.5157
2017-12-29T09:20:23.581368,2017-12-29T09:48:10.844868,A0:E6:F8:2B:2F:BE,BB_SP_4.1,1667.2635,0.0,1434,0,1667.2635
2017-12-29T09:43:03.731537,2017-12-29T09:47:11.485337,A0:E6:F8:2C:D0:D5,BB_SP_5.2,247.7538,0.0,240,0,247.7538
2017-12-29T09:03:16.293328,2017-12-29T09:43:09.940528,A0:E6:F8:2C:D0:D5,BB_SP_5.2,2393.202,0.4452,2492,1560,2393.6472
2017-12-29T09:36:34.986111,2017-12-29T09:40:50.579211,A0:E6:F8:2C:C4:4D,BB_SP_6.2,0.0,255.5931,0,1836,255.5931
2017-12-29T09:20:27.740556,2017-12-29T09:39:02.334456,A0:E6:F8:2C:D0:F3,BB_SP_4.2,0.0,1114.5939,22,1168,1114.5939
2017-12-29T09:34:50.396926,2017-12-29T09:36:02.235826,A0:E6:F8:2C:C4:55,BB_SP_3.2,71.8389,0.0,347,0,71.8389
2017-12-29T09:29:24.169474,2017-12-29T09:32:05.438974,A0:E6:F8:2C:C4:55,BB_SP_3.2,161.2695,0.0,300,0,161.2695
2017-12-29T09:11:45.523910,2017-12-29T09:27:51.712910,A0:E6:F8:2B:32:A5,BB_SP_1.2,966.189,0.0,946,7,966.189
2017-12-29T04:50:02.377299,2017-12-29T09:25:37.752099,A0:E6:F8:2C:C4:4D,BB_SP_6.2,0.0,16535.3748,0,1229,16535.3748
2017-12-29T09:04:55.894342,2017-12-29T09:20:23.661742,A0:E6:F8:2B:2F:BE,BB_SP_4.1,927.7674,0.0,241,0,927.7674
2017-12-29T09:02:10.334273,2017-12-29T09:12:05.041673,A0:E6:F8:2C:D2:A5,BB_SP_1.1,0.0,594.7074,8,926,594.7074
2017-12-29T08:43:56.766171,2017-12-29T09:11:28.233471,A0:E6:F8:2B:32:A5,BB_SP_1.2,1651.4673,0.0,1516,7,1651.4673
2017-12-29T09:03:17.384162,2017-12-29T09:04:49.555262,A0:E6:F8:2B:2F:BE,BB_SP_4.1,92.1711,0.0,205,0,92.1711
2017-12-29T08:55:47.359208,2017-12-29T09:03:16.383308,A0:E6:F8:2B:2F:BE,BB_SP_4.1,3.0429,445.9812,411,1043,449.0241
2017-12-29T08:55:29.051519,2017-12-29T09:03:05.043419,A0:E6:F8:2C:D2:9E,BB_SP_5.1,452.7075,3.2844,2232,1847,455.9919
2017-12-29T08:55:49.605187,2017-12-29T09:02:27.135187,A0:E6:F8:2C:D0:D5,BB_SP_5.2,397.53,0.0,355,0,397.53
2017-12-29T07:54:48.236829,2017-12-29T08:55:54.733929,A0:E6:F8:2C:D0:D5,BB_SP_5.2,3666.4971,0.0,1208,0,3666.4971
2017-12-29T08:42:09.429425,2017-12-29T08:55:28.137125,A0:E6:F8:2B:2F:BE,BB_SP_4.1,798.7077,0.0,300,0,798.7077
2017-12-29T08:33:03.026642,2017-12-29T08:43:49.148342,A0:E6:F8:2B:32:A5,BB_SP_1.2,646.1217,0.0,2984,7,646.1217
2017-12-29T08:41:00.555678,2017-12-29T08:43:53.786778,A0:E6:F8:2C:D2:A5,BB_SP_1.1,0.21,173.0211,230,1067,173.2311
2017-12-29T08:13:18.902857,2017-12-29T08:42:03.977257,A0:E6:F8:2B:2F:BE,BB_SP_4.1,1725.0744,0.0,236,59,1725.0744
2017-12-29T07:16:26.573730,2017-12-29T08:40:53.733030,A0:E6:F8:2B:32:9F,BB_SP_10.1,5067.0501,0.1092,885,493,5067.1593
2017-12-29T08:05:24.855822,2017-12-29T08:27:32.232222,A0:E6:F8:2B:32:A5,BB_SP_1.2,1327.3764,0.0,2297,0,1327.3764
2017-12-29T08:13:09.915945,2017-12-29T08:20:58.938345,A0:E6:F8:2C:D2:A5,BB_SP_1.1,0.0,469.0224,0,179,469.0224
2017-12-29T07:57:14.622555,2017-12-29T08:13:19.058055,A0:E6:F8:2B:2F:BE,BB_SP_4.1,962.6337,1.8018,1787,912,964.4355
2017-12-29T08:11:42.436732,2017-12-29T08:13:05.498032,A0:E6:F8:2C:D2:A5,BB_SP_1.1,0.0,83.0613,0,317,83.0613
2017-12-29T08:05:23.268238,2017-12-29T08:08:31.148938,A0:E6:F8:2C:D2:A5,BB_SP_1.1,0.7959,187.0848,285,1046,187.8807
2017-12-29T08:04:16.818705,2017-12-29T08:05:21.047205,A0:E6:F8:2B:32:A5,BB_SP_1.2,64.2285,0.0,1388,0,64.2285
2017-12-29T07:25:28.095867,2017-12-29T08:03:52.301967,A0:E6:F8:2B:32:A5,BB_SP_1.2,2304.2061,0.0,2991,6,2304.2061
2017-12-29T07:51:18.149779,2017-12-29T07:57:14.679379,A0:E6:F8:2B:2F:BE,BB_SP_4.1,356.5296,0.0,240,111,356.5296
2017-12-29T07:47:32.773573,2017-12-29T07:54:24.566773,A0:E6:F8:2C:D2:CD,BB_SP_7.1,411.7932,0.0,325,0,411.7932
2017-12-29T07:47:44.827808,2017-12-29T07:55:38.598308,A0:E6:F8:2B:2F:A4,BB_SP_8.1,458.934,14.8365,687,630,473.7705
2017-12-29T07:49:40.046456,2017-12-29T07:54:48.903956,A0:E6:F8:2C:D0:F3,BB_SP_4.2,0.2436,308.6139,320,754,308.8575
2017-12-29T07:48:59.544500,2017-12-29T07:51:16.647200,A0:E6:F8:2B:2F:BE,BB_SP_4.1,136.2837,0.819,2215,702,137.1027
2017-12-29T06:57:07.551733,2017-12-29T07:49:42.209533,A0:E6:F8:2C:D0:D5,BB_SP_5.2,3153.6372,1.0206,309,501,3154.6578
2017-12-29T07:44:07.119992,2017-12-29T07:45:57.781592,A0:E6:F8:2B:2F:D0,BB_SP_2.1,0.0,110.6616,0,165,110.6616
2017-12-29T07:20:50.298091,2017-12-29T07:31:32.614591,A0:E6:F8:2B:2F:D0,BB_SP_2.1,0.0,642.3165,0,310,642.3165
2017-12-29T07:25:09.057857,2017-12-29T07:26:22.034957,A0:E6:F8:2C:D2:CD,BB_SP_7.1,72.9771,0.0,266,0,72.9771
2017-12-29T07:12:58.734125,2017-12-29T07:25:19.868225,A0:E6:F8:2B:32:A5,BB_SP_1.2,741.1341,0.0,2991,3,741.1341
2017-12-29T07:22:13.471515,2017-12-29T07:25:08.605215,A0:E6:F8:2C:D0:CD,BB_SP_7.2,0.0,175.1337,0,1989,175.1337
2017-12-29T07:22:13.305159,2017-12-29T07:25:10.207059,A0:E6:F8:2C:D2:CD,BB_SP_7.1,0.0,176.9019,0,483,176.9019
2017-12-29T07:20:47.388406,2017-12-29T07:22:52.689106,A0:E6:F8:2C:D2:A5,BB_SP_1.1,0.0,125.3007,0,332,125.3007
2017-12-29T07:20:12.569735,2017-12-29T07:21:36.227435,A0:E6:F8:2C:D2:CD,BB_SP_7.1,83.6577,0.0,333,0,83.6577
2017-12-29T07:10:14.082752,2017-12-29T07:18:36.346052,A0:E6:F8:2C:D2:CD,BB_SP_7.1,502.2633,0.0,191,0,502.2633
2017-12-29T07:18:55.144962,2017-12-29T07:20:02.508762,A0:E6:F8:2C:C4:53,BB_SP_10.2,0.0,67.3638,0,157,67.3638
2017-12-29T07:15:48.668199,2017-12-29T07:19:56.377899,A0:E6:F8:2B:2F:D0,BB_SP_2.1,0.0,247.7097,0,167,247.7097
2017-12-29T07:16:05.216941,2017-12-29T07:19:57.075841,A0:E6:F8:2C:D2:A5,BB_SP_1.1,0.0,231.8589,0,212,231.8589
2017-12-29T07:10:10.208336,2017-12-29T07:16:34.539836,A0:E6:F8:2B:2F:A4,BB_SP_8.1,377.7837,6.5478,2133,1815,384.3315
2017-12-29T07:13:40.553491,2017-12-29T07:14:43.473691,A0:E6:F8:2C:D0:F1,BB_SP_8.2,0.0,62.9202,0,158,62.9202
2017-12-28T19:44:01.400186,2017-12-29T07:24:01.820186,A0:E6:F8:2B:32:9F,BB_SP_10.1,42000.42,0.0,916,0,42000.42
2017-12-29T07:13:08.092754,2017-12-29T07:15:41.718254,A0:E6:F8:2B:2F:D0,BB_SP_2.1,0.0,153.6255,0,183,153.6255
2017-12-29T07:10:17.643317,2017-12-29T07:11:40.626917,A0:E6:F8:2C:D0:F1,BB_SP_8.2,0.0,82.9836,0,204,82.9836
2017-12-29T07:06:39.675089,2017-12-29T07:12:51.986189,A0:E6:F8:2C:D2:A5,BB_SP_1.1,0.0,372.3111,0,1900,372.3111
2017-12-29T07:04:02.372078,2017-12-29T07:12:45.962978,A0:E6:F8:2B:32:A5,BB_SP_1.2,523.5909,0.0,1578,1,523.5909
2017-12-29T06:58:52.038204,2017-12-29T07:07:12.266604,A0:E6:F8:2C:D2:CD,BB_SP_7.1,500.2284,0.0,211,0,500.2284
2017-12-29T07:04:34.500237,2017-12-29T07:06:32.247237,A0:E6:F8:2B:2F:D0,BB_SP_2.1,0.0,117.747,0,187,117.747
2017-12-29T06:53:23.355003,2017-12-29T07:04:16.133703,A0:E6:F8:2B:2F:D0,BB_SP_2.1,0.0,652.7787,0,237,652.7787
2017-12-28T20:22:16.051389,2017-12-29T06:52:59.227389,A0:E6:F8:2C:D0:CD,BB_SP_7.2,0.4578,37842.7182,395,827,37843.176
2017-12-29T06:54:55.785418,2017-12-29T06:57:07.346218,A0:E6:F8:2C:D0:D5,BB_SP_5.2,131.5608,0.0,218,0,131.5608
2017-12-29T06:53:23.240284,2017-12-29T06:55:41.867584,A0:E6:F8:2C:C4:55,BB_SP_3.2,0.0,138.6273,0,188,138.6273
2017-12-29T06:46:10.785196,2017-12-29T06:52:55.539196,A0:E6:F8:2B:2F:D0,BB_SP_2.1,0.0,404.754,0,390,404.754
2017-12-29T06:44:43.445890,2017-12-29T06:46:08.298490,A0:E6:F8:2B:2F:D0,BB_SP_2.1,0.0,84.8526,0,222,84.8526
2017-12-29T06:38:05.703292,2017-12-29T06:44:57.137392,A0:E6:F8:2B:32:A5,BB_SP_1.2,411.4341,0.0,991,0,411.4341
2017-12-29T06:38:05.783713,2017-12-29T06:44:51.720013,A0:E6:F8:2B:2F:D0,BB_SP_2.1,0.0,405.9363,0,242,405.9363
2017-12-28T20:16:06.385896,2017-12-29T06:36:11.029596,A0:E6:F8:2C:D2:A5,BB_SP_1.1,0.0,37204.6437,0,1631,37204.6437
2017-12-29T06:28:04.759185,2017-12-29T06:31:21.913485,A0:E6:F8:2C:C4:55,BB_SP_3.2,0.0,197.1543,0,1963,197.1543
2017-12-29T06:27:58.551424,2017-12-29T06:31:20.413924,A0:E6:F8:2B:2F:BE,BB_SP_4.1,201.8625,0.0,271,0,201.8625
2017-12-28T19:28:11.498127,2017-12-29T06:35:00.931227,A0:E6:F8:2B:2F:A4,BB_SP_8.1,0.0,40009.4331,0,919,40009.4331
2017-12-29T06:22:10.176417,2017-12-29T06:26:46.786317,A0:E6:F8:2C:D0:E1,BB_SP_9.2,274.7325,1.8774,1964,611,276.6099
2017-12-29T06:06:56.839759,2017-12-29T06:20:20.261959,A0:E6:F8:2C:C4:55,BB_SP_3.2,0.0,803.4222,0,880,803.4222
2017-12-28T18:25:53.234965,2017-12-29T05:17:43.723165,A0:E6:F8:2C:C4:55,BB_SP_3.2,39110.4882,0.0,429,0,39110.4882
2017-12-28T17:27:30.360344,2017-12-29T04:38:03.033944,A0:E6:F8:2C:C4:4D,BB_SP_6.2,40228.8054,3.8682,1943,1070,40232.6736
2017-12-28T23:53:29.516183,2017-12-29T04:46:51.010583,A0:E6:F8:2C:D2:CD,BB_SP_7.1,0.0,17601.4944,0,388,17601.4944
2017-12-29T00:06:39.863456,2017-12-29T03:31:17.872556,A0:E6:F8:2B:2F:BE,BB_SP_4.1,0.0,12278.0091,0,427,12278.0091
2017-12-29T03:09:35.414590,2017-12-29T03:17:21.562090,A0:E6:F8:2B:2F:D0,BB_SP_2.1,466.1475,0.0,339,0,466.1475
2017-12-29T02:57:03.726912,2017-12-29T03:09:23.500212,A0:E6:F8:2B:2F:D0,BB_SP_2.1,739.7733,0.0,325,0,739.7733
2017-12-29T02:16:09.094732,2017-12-29T02:56:32.570332,A0:E6:F8:2B:2F:D0,BB_SP_2.1,2423.4756,0.0,218,0,2423.4756
2017-12-29T02:07:13.137265,2017-12-29T02:15:59.810965,A0:E6:F8:2B:2F:D0,BB_SP_2.1,526.6737,0.0,261,0,526.6737
2017-12-29T01:49:47.369654,2017-12-29T02:07:01.865354,A0:E6:F8:2B:2F:D0,BB_SP_2.1,1034.4957,0.0,207,0,1034.4957
2017-12-29T01:37:34.950828,2017-12-29T01:49:37.499928,A0:E6:F8:2B:2F:D0,BB_SP_2.1,722.5491,0.0,318,0,722.5491
2017-12-29T01:27:12.378669,2017-12-29T01:37:24.656769,A0:E6:F8:2B:2F:D0,BB_SP_2.1,612.2781,0.0,321,0,612.2781
2017-12-29T01:16:17.366424,2017-12-29T01:27:04.172724,A0:E6:F8:2B:2F:D0,BB_SP_2.1,646.8063,0.0,276,0,646.8063
2017-12-29T01:12:12.354693,2017-12-29T01:16:11.078493,A0:E6:F8:2B:2F:D0,BB_SP_2.1,238.7238,0.0,305,0,238.7238
2017-12-29T00:51:07.874491,2017-12-29T01:11:45.209191,A0:E6:F8:2B:2F:D0,BB_SP_2.1,1237.3347,0.0,231,0,1237.3347
2017-12-29T00:41:33.407135,2017-12-29T00:51:00.816635,A0:E6:F8:2B:2F:D0,BB_SP_2.1,567.4095,0.0,248,0,567.4095
2017-12-29T00:34:48.308876,2017-12-29T00:41:26.265176,A0:E6:F8:2B:2F:D0,BB_SP_2.1,397.9563,0.0,205,0,397.9563
2017-12-29T00:17:06.646104,2017-12-29T00:34:35.465904,A0:E6:F8:2B:2F:D0,BB_SP_2.1,1048.8198,0.0,297,0,1048.8198
2017-12-29T00:06:30.043780,2017-12-29T00:16:58.815280,A0:E6:F8:2B:2F:D0,BB_SP_2.1,628.7715,0.0,624,0,628.7715
2017-12-28T23:42:53.423385,2017-12-29T00:07:10.180785,A0:E6:F8:2C:D0:F8,BB_SP_6.1,1456.7574,0.0,464,0,1456.7574
2017-12-28T23:53:07.946859,2017-12-29T00:06:39.319659,A0:E6:F8:2B:2F:BE,BB_SP_4.1,0.0,811.3728,0,388,811.3728
2017-12-29T00:01:32.634286,2017-12-29T00:06:25.237786,A0:E6:F8:2B:2F:D0,BB_SP_2.1,292.6035,0.0,216,0,292.6035
2017-12-28T23:53:08.376133,2017-12-29T00:01:25.750633,A0:E6:F8:2B:2F:D0,BB_SP_2.1,497.3745,0.0,245,0,497.3745
2017-12-28T20:22:20.582402,2017-12-28T23:56:05.446202,A0:E6:F8:2C:D2:CD,BB_SP_7.1,0.0,12824.8638,0,1088,12824.8638
2017-12-28T22:23:05.570309,2017-12-28T23:53:24.740009,A0:E6:F8:2B:2F:BE,BB_SP_4.1,0.0,5419.1697,0,604,5419.1697
2017-12-28T23:42:30.475615,2017-12-28T23:52:56.168515,A0:E6:F8:2B:2F:D0,BB_SP_2.1,625.6929,0.0,337,0,625.6929
2017-12-28T23:26:40.524968,2017-12-28T23:43:07.997468,A0:E6:F8:2C:D0:F8,BB_SP_6.1,987.4725,0.0,360,0,987.4725
2017-12-28T23:35:53.073043,2017-12-28T23:42:22.688143,A0:E6:F8:2B:2F:D0,BB_SP_2.1,389.6151,0.0,240,0,389.6151
2017-12-28T23:32:33.866509,2017-12-28T23:35:49.048909,A0:E6:F8:2B:2F:D0,BB_SP_2.1,195.1824,0.0,200,0,195.1824
2017-12-28T23:29:15.015892,2017-12-28T23:32:17.321092,A0:E6:F8:2B:2F:D0,BB_SP_2.1,182.3052,0.0,197,0,182.3052
2017-12-28T23:26:30.472055,2017-12-28T23:29:10.683155,A0:E6:F8:2B:2F:D0,BB_SP_2.1,160.2111,0.0,309,0,160.2111
2017-12-28T20:19:53.716179,2017-12-28T23:30:01.054779,A0:E6:F8:2C:D0:F8,BB_SP_6.1,11407.3386,0.0,374,0,11407.3386
2017-12-28T23:24:17.482922,2017-12-28T23:26:25.643822,A0:E6:F8:2B:2F:D0,BB_SP_2.1,128.1609,0.0,196,0,128.1609
2017-12-28T23:18:32.947516,2017-12-28T23:24:09.730816,A0:E6:F8:2B:2F:D0,BB_SP_2.1,336.7833,0.0,246,0,336.7833
2017-12-28T23:10:42.011439,2017-12-28T23:17:23.863239,A0:E6:F8:2B:2F:D0,BB_SP_2.1,401.8518,0.0,212,0,401.8518
2017-12-28T23:08:34.772871,2017-12-28T23:10:39.792171,A0:E6:F8:2B:2F:D0,BB_SP_2.1,125.0193,0.0,217,0,125.0193
2017-12-28T23:06:23.002423,2017-12-28T23:07:38.974123,A0:E6:F8:2B:2F:D0,BB_SP_2.1,75.9717,0.0,236,0,75.9717
2017-12-28T23:03:56.709822,2017-12-28T23:06:20.788722,A0:E6:F8:2B:2F:D0,BB_SP_2.1,144.0789,0.0,205,0,144.0789
2017-12-28T22:57:51.161460,2017-12-28T23:03:51.538260,A0:E6:F8:2B:2F:D0,BB_SP_2.1,360.3768,0.0,230,0,360.3768
2017-12-28T22:49:33.955212,2017-12-28T22:57:39.036312,A0:E6:F8:2B:2F:D0,BB_SP_2.1,485.0811,0.0,222,0,485.0811
2017-12-28T22:38:19.980748,2017-12-28T22:49:13.605748,A0:E6:F8:2B:2F:D0,BB_SP_2.1,653.625,0.0,229,0,653.625
2017-12-28T22:33:42.142330,2017-12-28T22:37:42.084130,A0:E6:F8:2B:2F:D0,BB_SP_2.1,239.9418,0.0,276,0,239.9418
2017-12-28T22:28:42.178025,2017-12-28T22:33:36.551825,A0:E6:F8:2B:2F:D0,BB_SP_2.1,294.3738,0.0,210,0,294.3738
2017-12-28T22:23:46.905231,2017-12-28T22:28:38.133231,A0:E6:F8:2B:2F:D0,BB_SP_2.1,291.228,0.0,232,0,291.228
2017-12-28T22:22:31.506618,2017-12-28T22:23:43.713018,A0:E6:F8:2B:2F:D0,BB_SP_2.1,72.2064,0.0,233,0,72.2064
2017-12-28T22:21:05.711416,2017-12-28T22:22:29.238916,A0:E6:F8:2B:2F:D0,BB_SP_2.1,83.5275,0.0,205,0,83.5275
2017-12-28T22:12:49.743660,2017-12-28T22:20:17.835360,A0:E6:F8:2B:2F:D0,BB_SP_2.1,448.0917,0.0,195,0,448.0917
2017-12-28T21:06:18.413802,2017-12-28T22:18:16.066302,A0:E6:F8:2C:D0:F3,BB_SP_4.2,1.4196,4316.2329,1625,1494,4317.6525
2017-12-28T21:06:22.666975,2017-12-28T22:18:47.770675,A0:E6:F8:2B:2F:BE,BB_SP_4.1,4345.1037,0.0,385,0,4345.1037
2017-12-28T21:54:58.506842,2017-12-28T22:12:37.347842,A0:E6:F8:2B:2F:D0,BB_SP_2.1,1058.841,0.0,255,0,1058.841
2017-12-28T21:46:02.066194,2017-12-28T21:54:51.039394,A0:E6:F8:2B:2F:D0,BB_SP_2.1,528.9732,0.0,228,0,528.9732
2017-12-28T21:44:33.279789,2017-12-28T21:45:47.810889,A0:E6:F8:2B:2F:D0,BB_SP_2.1,74.5311,0.0,228,0,74.5311
2017-12-28T21:26:48.376284,2017-12-28T21:44:12.458484,A0:E6:F8:2B:2F:D0,BB_SP_2.1,1044.0822,0.0,262,0,1044.0822
2017-12-28T21:19:58.710777,2017-12-28T21:26:43.405977,A0:E6:F8:2B:2F:D0,BB_SP_2.1,404.6952,0.0,203,0,404.6952
2017-12-28T21:09:03.347468,2017-12-28T21:19:50.691368,A0:E6:F8:2B:2F:D0,BB_SP_2.1,647.3439,0.0,206,0,647.3439
2017-12-28T21:06:08.814862,2017-12-28T21:08:55.353262,A0:E6:F8:2B:2F:D0,BB_SP_2.1,166.5384,0.0,205,0,166.5384
2017-12-28T20:54:55.513783,2017-12-28T21:06:00.285583,A0:E6:F8:2B:2F:D0,BB_SP_2.1,664.7718,0.0,199,0,664.7718
2017-12-28T20:30:49.100279,2017-12-28T21:02:34.919579,A0:E6:F8:2C:D0:F3,BB_SP_4.2,2.8182,1903.0011,1019,1942,1905.8193
2017-12-28T20:48:54.208159,2017-12-28T20:54:50.271559,A0:E6:F8:2B:2F:D0,BB_SP_2.1,356.0634,0.0,245,0,356.0634
2017-12-28T20:49:54.787930,2017-12-28T20:52:57.265330,A0:E6:F8:2C:D0:E1,BB_SP_9.2,182.4774,0.0,276,0,182.4774
2017-12-28T20:39:57.930897,2017-12-28T20:48:39.375597,A0:E6:F8:2B:2F:D0,BB_SP_2.1,521.4447,0.0,193,0,521.4447
2017-12-28T20:33:59.463481,2017-12-28T20:39:51.121081,A0:E6:F8:2B:2F:D0,BB_SP_2.1,351.6576,0.0,257,0,351.6576
2017-12-28T20:31:09.953319,2017-12-28T20:33:34.714719,A0:E6:F8:2B:2F:D0,BB_SP_2.1,144.7614,0.0,221,0,144.7614
2017-12-28T20:20:40.097480,2017-12-28T20:30:53.039180,A0:E6:F8:2C:D0:D5,BB_SP_5.2,0.0,612.9417,0,706,612.9417
2017-12-28T20:23:15.821408,2017-12-28T20:30:20.804708,A0:E6:F8:2B:2F:D0,BB_SP_2.1,424.9833,0.0,326,0,424.9833
2017-12-28T20:15:39.567571,2017-12-28T20:22:55.244071,A0:E6:F8:2B:2F:D0,BB_SP_2.1,435.6765,0.0,232,0,435.6765
2017-12-28T20:10:05.678345,2017-12-28T20:21:53.050745,A0:E6:F8:2C:D2:CD,BB_SP_7.1,0.0,707.3724,0,196,707.3724
2017-12-28T19:54:58.220880,2017-12-28T20:20:17.913180,A0:E6:F8:2C:D0:F8,BB_SP_6.1,1519.6923,0.0,310,0,1519.6923
2017-12-28T20:08:48.797485,2017-12-28T20:15:40.706185,A0:E6:F8:2B:32:A5,BB_SP_1.2,411.9087,0.0,1878,107,411.9087
2017-12-28T19:56:28.056233,2017-12-28T20:10:15.086633,A0:E6:F8:2C:D2:CD,BB_SP_7.1,0.0,827.0304,0,197,827.0304
2017-12-28T20:05:30.366671,2017-12-28T20:08:43.121471,A0:E6:F8:2B:32:A5,BB_SP_1.2,192.7548,0.0,838,109,192.7548
2017-12-28T19:16:51.250567,2017-12-28T20:05:00.844267,A0:E6:F8:2B:32:A5,BB_SP_1.2,2889.5937,0.0,1355,107,2889.5937
2017-12-28T19:43:43.089449,2017-12-28T19:56:31.872149,A0:E6:F8:2C:D2:CD,BB_SP_7.1,0.0,768.7827,0,219,768.7827
2017-12-28T19:25:25.025088,2017-12-28T19:55:25.733088,A0:E6:F8:2C:D0:F8,BB_SP_6.1,1800.708,0.0,278,0,1800.708
2017-12-28T19:28:01.255833,2017-12-28T19:43:48.654033,A0:E6:F8:2C:D2:CD,BB_SP_7.1,0.0,947.3982,0,199,947.3982
2017-12-28T19:30:44.242683,2017-12-28T19:37:12.654483,A0:E6:F8:2C:D0:F3,BB_SP_4.2,0.0,388.4118,0,1675,388.4118
2017-12-28T19:30:44.007158,2017-12-28T19:37:14.252258,A0:E6:F8:2B:2F:BE,BB_SP_4.1,390.2451,0.0,282,0,390.2451
2017-12-28T19:05:04.075919,2017-12-28T19:28:12.856319,A0:E6:F8:2C:D2:CD,BB_SP_7.1,0.0,1388.7804,0,233,1388.7804
2017-12-28T19:04:57.377838,2017-12-28T19:25:45.357438,A0:E6:F8:2C:D0:F8,BB_SP_6.1,1247.9796,0.0,260,0,1247.9796
2017-12-28T19:02:42.040294,2017-12-28T19:23:07.677994,A0:E6:F8:2C:D0:F3,BB_SP_4.2,0.0,1225.6377,1,696,1225.6377
2017-12-28T19:13:58.359776,2017-12-28T19:16:48.739076,A0:E6:F8:2B:32:A5,BB_SP_1.2,170.3793,0.0,740,113,170.3793
2017-12-28T18:52:42.318221,2017-12-28T19:13:44.924321,A0:E6:F8:2B:32:A5,BB_SP_1.2,1262.6061,0.0,1022,113,1262.6061
2017-12-28T18:44:25.217497,2017-12-28T19:05:17.890597,A0:E6:F8:2C:D0:F8,BB_SP_6.1,1252.6731,0.0,519,0,1252.6731
2017-12-28T18:54:17.578238,2017-12-28T19:04:23.220338,A0:E6:F8:2C:D2:CD,BB_SP_7.1,0.0,605.6421,0,198,605.6421
2017-12-28T18:53:29.146224,2017-12-28T19:02:17.304624,A0:E6:F8:2C:D0:F3,BB_SP_4.2,0.0,528.1584,60,1947,528.1584
2017-12-28T18:52:35.538088,2017-12-28T18:56:41.229688,A0:E6:F8:2C:D2:A5,BB_SP_1.1,2.016,243.6756,400,1833,245.6916
2017-12-28T18:44:30.137182,2017-12-28T18:54:23.273782,A0:E6:F8:2C:D2:CD,BB_SP_7.1,0.0,593.1366,0,197,593.1366
2017-12-28T18:28:37.773330,2017-12-28T18:52:27.833430,A0:E6:F8:2B:32:A5,BB_SP_1.2,1430.0601,0.0,1176,115,1430.0601
2017-12-28T18:04:56.210938,2017-12-28T18:44:53.138338,A0:E6:F8:2C:D2:CD,BB_SP_7.1,0.0,2396.9274,0,203,2396.9274
2017-12-28T18:04:51.537970,2017-12-28T18:45:02.858770,A0:E6:F8:2C:D0:F8,BB_SP_6.1,2411.3208,0.0,255,0,2411.3208
2017-12-28T17:48:00.972813,2017-12-28T18:29:46.659213,A0:E6:F8:2B:2F:DC,BB_SP_9.1,0.0,2505.6864,0,435,2505.6864
2017-12-28T18:25:29.128985,2017-12-28T18:28:36.606485,A0:E6:F8:2B:2F:D0,BB_SP_2.1,187.4775,0.0,285,0,187.4775
2017-12-28T18:25:35.063474,2017-12-28T18:28:38.177174,A0:E6:F8:2C:D2:A5,BB_SP_1.1,0.0,183.1137,0,584,183.1137
2017-12-28T18:05:06.928987,2017-12-28T18:25:52.197487,A0:E6:F8:2B:2F:BE,BB_SP_4.1,0.0,1245.2685,0,338,1245.2685
2017-12-28T18:05:07.437196,2017-12-28T18:25:40.609696,A0:E6:F8:2C:D0:F3,BB_SP_4.2,1233.1725,0.0,353,0,1233.1725
2017-12-28T18:21:47.910814,2017-12-28T18:25:30.449914,A0:E6:F8:2B:32:A5,BB_SP_1.2,222.5391,0.0,1808,126,222.5391
2017-12-28T18:09:56.431501,2017-12-28T18:21:40.162501,A0:E6:F8:2B:32:A5,BB_SP_1.2,703.731,0.0,658,104,703.731
2017-12-28T18:10:05.626268,2017-12-28T18:21:45.241268,A0:E6:F8:2C:D2:A5,BB_SP_1.1,699.615,0.0,351,0,699.615
2017-12-28T17:43:29.681810,2017-12-28T18:09:10.978910,A0:E6:F8:2B:32:A5,BB_SP_1.2,1541.2971,0.0,1792,0,1541.2971
2017-12-28T18:01:38.240902,2017-12-28T18:04:57.037402,A0:E6:F8:2C:D2:CD,BB_SP_7.1,0.0,198.7965,0,204,198.7965
2017-12-28T18:01:37.816277,2017-12-28T18:04:49.080077,A0:E6:F8:2C:D0:F8,BB_SP_6.1,191.2638,0.0,185,0,191.2638
2017-12-28T17:47:09.162714,2017-12-28T18:01:48.058914,A0:E6:F8:2C:D2:CD,BB_SP_7.1,0.0,878.8962,0,209,878.8962
2017-12-28T17:54:37.387687,2017-12-28T18:01:44.164387,A0:E6:F8:2C:D0:F8,BB_SP_6.1,426.7767,0.0,269,0,426.7767
2017-12-28T17:47:26.053142,2017-12-28T17:54:37.817342,A0:E6:F8:2C:D0:F8,BB_SP_6.1,431.7642,0.0,225,0,431.7642
2017-12-28T17:33:02.165313,2017-12-28T17:48:10.432113,A0:E6:F8:2C:C4:55,BB_SP_3.2,906.7968,1.47,581,746,908.2668
2017-12-28T17:45:06.658452,2017-12-28T17:47:54.332952,A0:E6:F8:2C:D0:E1,BB_SP_9.2,0.6573,167.0172,456,1215,167.6745
2017-12-28T17:45:04.047880,2017-12-28T17:47:53.606080,A0:E6:F8:2B:2F:DC,BB_SP_9.1,0.0,169.5582,0,733,169.5582
2017-12-28T17:44:58.346870,2017-12-28T17:47:07.299470,A0:E6:F8:2C:D0:F8,BB_SP_6.1,128.9526,0.0,279,0,128.9526
2017-12-28T17:43:20.831914,2017-12-28T17:46:42.320614,A0:E6:F8:2C:D2:CD,BB_SP_7.1,0.0,201.4887,0,199,201.4887
2017-12-28T17:27:48.439421,2017-12-28T17:45:13.412021,A0:E6:F8:2C:D0:F8,BB_SP_6.1,1044.9726,0.0,268,0,1044.9726
2017-12-28T17:40:14.779114,2017-12-28T17:43:16.931014,A0:E6:F8:2C:D2:CD,BB_SP_7.1,0.0,182.1519,0,195,182.1519
2017-12-28T17:35:10.984560,2017-12-28T17:40:05.675460,A0:E6:F8:2C:D2:CD,BB_SP_7.1,0.0,294.6909,0,193,294.6909
2017-12-28T17:36:59.070641,2017-12-28T17:38:04.405841,A0:E6:F8:2C:D0:F3,BB_SP_4.2,65.3352,0.0,284,0,65.3352
2017-12-28T17:27:38.626743,2017-12-28T17:35:14.513643,A0:E6:F8:2C:D2:CD,BB_SP_7.1,0.0,455.8869,0,192,455.8869
2017-12-28T17:25:30.271741,2017-12-28T17:32:16.894741,A0:E6:F8:2C:C4:55,BB_SP_3.2,397.1646,9.4584,1823,1904,406.623
2017-12-28T15:36:53.412879,2017-12-28T17:10:05.774315,A0:E6:F8:2C:C4:55,BB_SP_3.2,0.0,5295.5007,0,249,5295.5007
2017-12-28T16:55:54.975677,2017-12-28T17:10:05.774315,A0:E6:F8:2C:D0:F3,BB_SP_4.2,69.909,0.0,1418,72,69.909
2017-12-28T16:43:33.984245,2017-12-28T17:10:05.774315,A0:E6:F8:2C:C4:53,BB_SP_10.2,1.5099,542.577,883,950,544.0869
2017-12-28T16:43:33.725939,2017-12-28T17:10:05.774315,A0:E6:F8:2B:32:9F,BB_SP_10.1,0.0,534.6138,90,1076,534.6138
2017-12-28T16:02:11.098354,2017-12-28T17:10:05.774315,A0:E6:F8:2B:32:A5,BB_SP_1.2,0.0,185.4741,0,188,185.4741
2017-12-28T15:59:22.586257,2017-12-28T17:10:05.774315,A0:E6:F8:2B:32:A5,BB_SP_1.2,0.0,100.1217,0,176,100.1217
2017-12-28T15:25:51.704634,2017-12-28T17:10:05.774315,A0:E6:F8:2B:32:A5,BB_SP_1.2,0.0,1923.3837,41,1173,1923.3837
2017-12-28T15:31:11.151379,2017-12-28T17:10:05.774315,A0:E6:F8:2C:D0:F3,BB_SP_4.2,1264.2273,0.0,509,12,1264.2273
2017-12-28T15:31:10.847700,2017-12-28T17:10:05.774315,A0:E6:F8:2C:C4:55,BB_SP_3.2,0.0,331.1973,0,238,331.1973
2017-12-28T15:31:54.364725,2017-12-28T17:10:05.774315,A0:E6:F8:2B:32:91,BB_SP_2.2,0.7266,290.4489,405,866,291.1755
2017-12-28T15:31:24.809434,2017-12-28T17:10:05.774315,A0:E6:F8:2B:2F:D0,BB_SP_2.1,316.7493,0.0,445,0,316.7493
2017-12-28T13:17:14.256389,2017-12-28T17:10:05.774315,A0:E6:F8:2C:D0:F3,BB_SP_4.2,7995.1977,0.0,978,17,7995.1977
2017-12-28T15:28:36.263515,2017-12-28T17:10:05.774315,A0:E6:F8:2C:C4:55,BB_SP_3.2,0.6573,150.0471,1588,2140,150.7044
2017-12-28T14:29:51.618806,2017-12-28T17:10:05.774315,A0:E6:F8:2C:C4:55,BB_SP_3.2,0.273,3444.5964,301,1433,3444.8694
2017-12-28T15:11:54.658326,2017-12-28T17:10:05.774315,A0:E6:F8:2B:32:A5,BB_SP_1.2,0.0,828.7251,117,1172,828.7251
2017-12-28T14:28:26.895078,2017-12-28T17:10:05.774315,A0:E6:F8:2B:32:A5,BB_SP_1.2,0.6111,2581.4628,324,1174,2582.0739
2017-12-28T14:04:31.645718,2017-12-28T17:10:05.774315,A0:E6:F8:2C:D2:A5,BB_SP_1.1,2945.3025,0.0,1880,71,2945.3025
2017-12-28T14:40:39.191354,2017-12-28T17:10:05.774315,A0:E6:F8:2C:D0:CD,BB_SP_7.2,80.7786,2.0433,2112,1970,82.8219
2017-12-28T14:04:13.480585,2017-12-28T17:10:05.774315,A0:E6:F8:2C:C4:55,BB_SP_3.2,0.0,1505.0637,44,2140,1505.0637
2017-12-28T14:26:21.704734,2017-12-28T17:10:05.774315,A0:E6:F8:2B:32:A5,BB_SP_1.2,0.0,79.7139,0,165,79.7139
2017-12-28T14:25:18.319617,2017-12-28T17:10:05.774315,A0:E6:F8:2B:32:A5,BB_SP_1.2,0.0,60.3708,0,184,60.3708
2017-12-28T14:04:00.021309,2017-12-28T17:10:05.774315,A0:E6:F8:2B:32:A5,BB_SP_1.2,0.0,1262.3604,0,1178,1262.3604
2017-12-28T10:13:59.621337,2017-12-28T17:10:05.774315,A0:E6:F8:2C:D2:A5,BB_SP_1.1,13804.3332,0.0,4011,71,13804.3332
2017-12-28T13:58:15.932028,2017-12-28T17:10:05.774315,A0:E6:F8:2C:C4:55,BB_SP_3.2,0.0,349.1544,0,225,349.1544
2017-12-28T13:59:18.169480,2017-12-28T17:10:05.774315,A0:E6:F8:2C:D0:F1,BB_SP_8.2,0.0,209.3637,34,489,209.3637
2017-12-28T13:59:21.049131,2017-12-28T17:10:05.774315,A0:E6:F8:2B:2F:A4,BB_SP_8.1,0.0,208.2297,0,817,208.2297
2017-12-28T13:34:47.912574,2017-12-28T17:10:05.774315,A0:E6:F8:2C:D0:F1,BB_SP_8.2,0.0,1446.7719,0,2619,1446.7719
2017-12-28T13:18:39.646089,2017-12-28T17:10:05.774315,A0:E6:F8:2B:32:A5,BB_SP_1.2,0.7602,2101.1865,645,1190,2101.9467
2017-12-28T13:28:11.027996,2017-12-28T17:10:05.774315,A0:E6:F8:2C:C4:55,BB_SP_3.2,0.0,1435.3017,0,237,1435.3017
2017-12-28T13:34:59.537298,2017-12-28T17:10:05.774315,A0:E6:F8:2B:2F:A4,BB_SP_8.1,216.7263,0.0,778,0,216.7263
2017-12-28T13:31:19.148321,2017-12-28T17:10:05.774315,A0:E6:F8:2C:D0:CD,BB_SP_7.2,166.0407,0.0,342,0,166.0407
2017-12-28T06:13:41.637413,2017-12-28T17:10:05.774315,A0:E6:F8:2C:D0:F1,BB_SP_8.2,0.2835,26016.8811,303,2846,26017.1646
2017-12-28T13:22:04.289976,2017-12-28T17:10:05.774315,A0:E6:F8:2C:C4:55,BB_SP_3.2,0.0,358.4091,59,235,358.4091
2017-12-28T13:14:16.526054,2017-12-28T17:10:05.774315,A0:E6:F8:2B:32:91,BB_SP_2.2,0.0,684.5097,62,860,684.5097
2017-12-28T12:49:10.132107,2017-12-28T17:10:05.774315,A0:E6:F8:2C:C4:55,BB_SP_3.2,0.0,1930.5888,0,234,1930.5888
2017-12-28T12:50:02.105833,2017-12-28T17:10:05.774315,A0:E6:F8:2B:32:A5,BB_SP_1.2,0.0,1699.9395,0,351,1699.9395
2017-12-28T12:49:07.115541,2017-12-28T17:10:05.774315,A0:E6:F8:2C:D0:F3,BB_SP_4.2,0.0336,1581.5016,167,418,1581.5352
2017-12-28T13:07:36.389577,2017-12-28T17:10:05.774315,A0:E6:F8:2C:C4:4D,BB_SP_6.2,0.1344,177.7839,297,1025,177.9183
2017-12-28T12:51:48.527140,2017-12-28T17:10:05.774315,A0:E6:F8:2C:D0:D5,BB_SP_5.2,0.0,188.8866,127,384,188.8866
2017-12-28T12:49:03.524857,2017-12-28T17:10:05.774315,A0:E6:F8:2C:D0:D5,BB_SP_5.2,0.0,155.3895,0,280,155.3895
2017-12-28T12:31:20.689784,2017-12-28T17:10:05.774315,A0:E6:F8:2B:32:A5,BB_SP_1.2,0.0,1110.7971,125,752,1110.7971
2017-12-28T12:15:13.807483,2017-12-28T17:10:05.774315,A0:E6:F8:2C:C4:4D,BB_SP_6.2,2043.2307,0.0,1096,17,2043.2307
2017-12-28T12:07:16.089144,2017-12-28T17:10:05.774315,A0:E6:F8:2C:D0:F3,BB_SP_4.2,207.0726,2288.5737,649,930,2495.6463
2017-12-28T12:47:31.085895,2017-12-28T17:10:05.774315,A0:E6:F8:2C:C4:55,BB_SP_3.2,25.599,62.6997,1592,1895,88.2987
2017-12-28T12:16:19.758300,2017-12-28T17:10:05.774315,A0:E6:F8:2C:C4:55,BB_SP_3.2,0.0,1825.9689,0,234,1825.9689
2017-12-28T12:39:02.988560,2017-12-28T17:10:05.774315,A0:E6:F8:2B:32:91,BB_SP_2.2,0.0,496.7004,103,719,496.7004
2017-12-28T12:40:30.596461,2017-12-28T17:10:05.774315,A0:E6:F8:2B:2F:D0,BB_SP_2.1,401.3037,0.0,344,0,401.3037
2017-12-28T12:07:17.925922,2017-12-28T17:10:05.774315,A0:E6:F8:2B:2F:BE,BB_SP_4.1,2304.4182,0.0,499,89,2304.4182
2017-12-28T12:39:04.109001,2017-12-28T17:10:05.774315,A0:E6:F8:2B:2F:D0,BB_SP_2.1,84.1197,0.0,245,0,84.1197
2017-12-28T12:27:53.109258,2017-12-28T17:10:05.774315,A0:E6:F8:2B:32:91,BB_SP_2.2,419.37,0.6762,923,533,420.0462
2017-12-28T12:27:55.785480,2017-12-28T17:10:05.774315,A0:E6:F8:2B:32:A5,BB_SP_1.2,0.0,90.1551,0,168,90.1551
2017-12-28T12:24:38.857051,2017-12-28T17:10:05.774315,A0:E6:F8:2B:32:A5,BB_SP_1.2,0.0,189.966,0,622,189.966
2017-12-28T12:00:09.486105,2017-12-28T17:10:05.774315,A0:E6:F8:2B:32:A5,BB_SP_1.2,0.0,1454.2437,0,1020,1454.2437
2017-12-28T12:17:24.062515,2017-12-28T17:10:05.774315,A0:E6:F8:2B:32:91,BB_SP_2.2,0.0,306.3669,97,1174,306.3669
2017-12-28T12:07:34.249029,2017-12-28T17:10:05.774315,A0:E6:F8:2C:D0:CD,BB_SP_7.2,0.0252,585.7887,1283,1607,585.8139
2017-12-28T12:04:49.137145,2017-12-28T17:10:05.774315,A0:E6:F8:2C:C4:55,BB_SP_3.2,0.0,656.8422,0,235,656.8422
2017-12-28T12:09:28.336948,2017-12-28T17:10:05.774315,A0:E6:F8:2B:2F:D0,BB_SP_2.1,0.0,384.0837,0,1238,384.0837
2017-12-28T11:48:00.893635,2017-12-28T17:10:05.774315,A0:E6:F8:2C:D0:F8,BB_SP_6.1,1643.9976,0.126,1883,451,1644.1236
2017-12-28T12:11:46.841047,2017-12-28T17:10:05.774315,A0:E6:F8:2C:D0:E1,BB_SP_9.2,0.2415,141.5211,508,1882,141.7626
2017-12-28T11:28:10.701993,2017-12-28T17:10:05.774315,A0:E6:F8:2C:D0:F3,BB_SP_4.2,2321.5731,0.8211,1434,1100,2322.3942
2017-12-28T11:57:36.550645,2017-12-28T17:10:05.774315,A0:E6:F8:2C:C4:55,BB_SP_3.2,422.0097,0.0,1555,0,422.0097
2017-12-28T11:46:40.954503,2017-12-28T17:10:05.774315,A0:E6:F8:2C:C4:55,BB_SP_3.2,0.5145,627.6585,1593,1148,628.173
2017-12-28T11:36:14.339140,2017-12-28T17:10:05.774315,A0:E6:F8:2B:32:A5,BB_SP_1.2,2.2302,1220.2869,1820,1203,1222.5171
2017-12-28T11:48:26.001697,2017-12-28T17:10:05.774315,A0:E6:F8:2C:D0:CD,BB_SP_7.2,0.0,314.349,0,365,314.349
2017-12-28T11:40:11.702663,2017-12-28T17:10:05.774315,A0:E6:F8:2C:D0:F8,BB_SP_6.1,476.469,0.4977,419,377,476.9667
2017-12-28T11:35:58.923898,2017-12-28T17:10:05.774315,A0:E6:F8:2C:C4:55,BB_SP_3.2,0.1806,627.5556,383,2145,627.7362
2017-12-28T11:08:48.838633,2017-12-28T17:10:05.774315,A0:E6:F8:2C:D0:E1,BB_SP_9.2,1877.064,18.0075,2201,1883,1895.0715
2017-12-28T11:09:01.673986,2017-12-28T17:10:05.774315,A0:E6:F8:2B:32:9F,BB_SP_10.1,0.0,1888.0344,89,440,1888.0344
2017-12-28T11:09:04.465390,2017-12-28T17:10:05.774315,A0:E6:F8:2B:2F:DC,BB_SP_9.1,1864.6446,0.0,1642,0,1864.6446
2017-12-28T11:27:42.794075,2017-12-28T17:10:05.774315,A0:E6:F8:2C:D0:F8,BB_SP_6.1,757.3797,0.0,275,0,757.3797
2017-12-28T11:08:04.119228,2017-12-28T17:10:05.774315,A0:E6:F8:2B:32:A5,BB_SP_1.2,0.0,1673.9226,0,1194,1673.9226
2017-12-28T11:33:01.072972,2017-12-28T17:10:05.774315,A0:E6:F8:2C:C4:55,BB_SP_3.2,0.1554,173.2773,176,2146,173.4327
2017-12-28T11:21:10.043560,2017-12-28T17:10:05.774315,A0:E6:F8:2C:C4:55,BB_SP_3.2,0.0,693.4956,80,1142,693.4956
2017-12-28T10:40:32.619443,2017-12-28T17:10:05.774315,A0:E6:F8:2C:D0:F3,BB_SP_4.2,1459.9074,1382.6253,2171,1676,2842.5327
2017-12-28T11:12:37.769699,2017-12-28T17:10:05.774315,A0:E6:F8:2C:D0:F8,BB_SP_6.1,919.9071,0.0,316,0,919.9071
2017-12-28T11:14:51.787915,2017-12-28T17:10:05.774315,A0:E6:F8:2C:C4:55,BB_SP_3.2,0.0,369.2997,13,1449,369.2997
2017-12-28T11:09:43.011437,2017-12-28T17:10:05.774315,A0:E6:F8:2C:C4:55,BB_SP_3.2,0.1701,287.3556,324,337,287.5257
2017-12-28T11:08:43.542807,2017-12-28T17:10:05.774315,A0:E6:F8:2C:D0:F8,BB_SP_6.1,236.9262,0.0,202,0,236.9262
2017-12-28T10:57:32.910009,2017-12-28T17:10:05.774315,A0:E6:F8:2C:D0:F8,BB_SP_6.1,674.3688,0.168,901,504,674.5368
2017-12-28T09:44:11.075472,2017-12-28T17:10:05.774315,A0:E6:F8:2B:32:A5,BB_SP_1.2,2.1147,4982.1723,1110,1192,4984.287
2017-12-28T10:56:13.161306,2017-12-28T17:10:05.774315,A0:E6:F8:2B:32:91,BB_SP_2.2,628.9248,4.2882,1637,1615,633.213
2017-12-28T10:44:10.423167,2017-12-28T17:10:05.774315,A0:E6:F8:2C:C4:55,BB_SP_3.2,1.029,960.6744,1402,2057,961.7034
2017-12-28T10:36:20.440727,2017-12-28T17:10:05.774315,A0:E6:F8:2C:D0:F8,BB_SP_6.1,1290.7965,0.4158,369,720,1291.2123
2017-12-28T10:44:16.221715,2017-12-28T17:10:05.774315,A0:E6:F8:2C:C4:4D,BB_SP_6.2,0.1932,610.7892,2185,1898,610.9824
2017-12-28T10:40:22.744326,2017-12-28T17:10:05.774315,A0:E6:F8:2B:2F:D0,BB_SP_2.1,261.744,0.0,672,0,261.744
2017-12-28T10:28:31.303335,2017-12-28T17:10:05.774315,A0:E6:F8:2C:C4:55,BB_SP_3.2,1.05,916.4337,862,2147,917.4837
2017-12-28T09:58:16.016631,2017-12-28T17:10:05.774315,A0:E6:F8:2C:D0:F3,BB_SP_4.2,2512.9314,0.4221,2405,1675,2513.3535
2017-12-28T10:35:59.391844,2017-12-28T17:10:05.774315,A0:E6:F8:2B:2F:D0,BB_SP_2.1,260.2152,0.0,319,0,260.2152
2017-12-28T10:22:50.544001,2017-12-28T17:10:05.774315,A0:E6:F8:2C:D0:F8,BB_SP_6.1,823.8489,0.0,592,0,823.8489
2017-12-28T10:27:48.341709,2017-12-28T17:10:05.774315,A0:E6:F8:2B:32:91,BB_SP_2.2,0.0,267.5358,25,550,267.5358
2017-12-28T10:22:05.347191,2017-12-28T17:10:05.774315,A0:E6:F8:2C:C4:55,BB_SP_3.2,0.63,376.6077,1477,2147,377.2377
2017-12-28T10:18:35.750338,2017-12-28T17:10:05.774315,A0:E6:F8:2C:D0:F8,BB_SP_6.1,215.418,0.0,216,0,215.418
2017-12-28T10:16:53.493934,2017-12-28T17:10:05.774315,A0:E6:F8:2C:C4:55,BB_SP_3.2,0.4221,303.576,1578,551,303.9981
2017-12-28T10:15:21.066305,2017-12-28T17:10:05.774315,A0:E6:F8:2B:32:91,BB_SP_2.2,395.2473,1.0899,568,1109,396.3372
2017-12-28T10:06:50.294967,2017-12-28T17:10:05.774315,A0:E6:F8:2C:D0:F8,BB_SP_6.1,715.8732,0.0,664,0,715.8732
2017-12-28T10:13:59.187094,2017-12-28T17:10:05.774315,A0:E6:F8:2C:C4:55,BB_SP_3.2,0.336,169.6443,1579,2148,169.9803
2017-12-28T09:44:11.375809,2017-12-28T17:10:05.774315,A0:E6:F8:2C:D2:A5,BB_SP_1.1,1783.4586,0.0,3035,70,1783.4586
2017-12-28T09:56:30.207408,2017-12-28T17:10:05.774315,A0:E6:F8:2C:C4:55,BB_SP_3.2,0.7035,1008.2814,456,2148,1008.9849
2017-12-28T10:00:06.510330,2017-12-28T17:10:05.774315,A0:E6:F8:2C:D0:F8,BB_SP_6.1,409.6113,0.0,256,0,409.6113
2017-12-28T09:24:41.488574,2017-12-28T17:10:05.774315,A0:E6:F8:2C:D0:F8,BB_SP_6.1,2160.0243,1.743,2293,1377,2161.7673
2017-12-28T09:55:45.984912,2017-12-28T17:10:05.774315,A0:E6:F8:2C:D0:F3,BB_SP_4.2,148.4007,0.1827,1096,295,148.5834
2017-12-28T09:44:20.538323,2017-12-28T17:10:05.774315,A0:E6:F8:2C:D0:F3,BB_SP_4.2,681.2967,0.0,283,0,681.2967
2017-12-28T09:44:14.933327,2017-12-28T17:10:05.774315,A0:E6:F8:2C:C4:55,BB_SP_3.2,0.0,409.1115,0,342,409.1115
2017-12-28T09:44:26.141397,2017-12-28T17:10:05.774315,A0:E6:F8:2B:2F:DC,BB_SP_9.1,98.1666,0.0,274,0,98.1666
2017-12-28T07:46:29.297208,2017-12-28T17:10:05.774315,A0:E6:F8:2B:2F:A4,BB_SP_8.1,7126.7133,0.0,449,82,7126.7133
2017-12-28T07:38:41.971878,2017-12-28T17:10:05.774315,A0:E6:F8:2C:D0:F3,BB_SP_4.2,7497.0777,0.0,619,0,7497.0777
2017-12-28T09:26:57.030581,2017-12-28T17:10:05.774315,A0:E6:F8:2C:C4:55,BB_SP_3.2,0.2268,1014.1341,982,2122,1014.3609
2017-12-28T09:07:22.767235,2017-12-28T17:10:05.774315,A0:E6:F8:2B:32:A5,BB_SP_1.2,0.0,2186.4339,116,1183,2186.4339
2017-12-28T08:58:02.064953,2017-12-28T17:10:05.774315,A0:E6:F8:2C:D2:A5,BB_SP_1.1,2761.5336,0.0,4011,70,2761.5336
2017-12-28T09:24:40.355127,2017-12-28T17:10:05.774315,A0:E6:F8:2C:D2:9E,BB_SP_5.1,246.8718,0.0,340,0,246.8718
2017-12-28T09:12:32.089071,2017-12-28T17:10:05.774315,A0:E6:F8:2C:C4:55,BB_SP_3.2,0.0,833.1897,0,1267,833.1897
2017-12-28T09:22:00.139029,2017-12-28T17:10:05.774315,A0:E6:F8:2C:D2:9E,BB_SP_5.1,157.6575,1.4196,992,568,159.0771
2017-12-28T09:11:16.451093,2017-12-28T17:10:05.774315,A0:E6:F8:2C:D0:F8,BB_SP_6.1,652.4154,0.0,319,0,652.4154
2017-12-28T09:11:27.101990,2017-12-28T17:10:05.774315,A0:E6:F8:2B:32:91,BB_SP_2.2,0.0,313.6434,53,647,313.6434
2017-12-28T08:26:54.767025,2017-12-28T17:10:05.774315,A0:E6:F8:2C:C4:55,BB_SP_3.2,0.0,2678.4345,51,1686,2678.4345
2017-12-28T08:46:45.759426,2017-12-28T17:10:05.774315,A0:E6:F8:2C:D0:F8,BB_SP_6.1,1495.6557,0.0,238,140,1495.6557
2017-12-28T08:08:52.645652,2017-12-28T17:10:05.774315,A0:E6:F8:2B:32:A5,BB_SP_1.2,0.0,3476.2707,55,1068,3476.2707
2017-12-28T08:37:29.607980,2017-12-28T17:10:05.774315,A0:E6:F8:2B:2F:D0,BB_SP_2.1,1159.9413,0.0,644,0,1159.9413
2017-12-28T08:38:31.865941,2017-12-28T17:10:05.774315,A0:E6:F8:2C:D0:F8,BB_SP_6.1,500.262,0.0,258,0,500.262
2017-12-28T08:26:07.235850,2017-12-28T17:10:05.774315,A0:E6:F8:2C:D2:9E,BB_SP_5.1,0.0,739.9014,0,677,739.9014
2017-12-28T08:33:56.929562,2017-12-28T17:10:05.774315,A0:E6:F8:2B:32:91,BB_SP_2.2,0.0,140.2527,0,186,140.2527
2017-12-28T08:02:54.792809,2017-12-28T17:10:05.774315,A0:E6:F8:2C:D0:F8,BB_SP_6.1,1412.8443,0.0,439,0,1412.8443
2017-12-28T08:15:39.204659,2017-12-28T17:10:05.774315,A0:E6:F8:2C:D2:9E,BB_SP_5.1,117.4257,0.0,167,0,117.4257
2017-12-28T08:01:17.206007,2017-12-28T17:10:05.774315,A0:E6:F8:2C:D0:D5,BB_SP_5.2,0.0,1017.8637,23,1790,1017.8637
2017-12-28T08:12:06.655115,2017-12-28T17:10:05.774315,A0:E6:F8:2C:D2:9E,BB_SP_5.1,160.4736,0.0,159,0,160.4736
2017-12-28T08:02:49.196267,2017-12-28T17:10:05.774315,A0:E6:F8:2C:D2:9E,BB_SP_5.1,487.095,0.0,216,0,487.095
2017-12-28T08:09:02.818683,2017-12-28T17:10:05.774315,A0:E6:F8:2B:32:91,BB_SP_2.2,0.0,168.8337,42,590,168.8337
2017-12-28T07:31:20.457827,2017-12-28T17:10:05.774315,A0:E6:F8:2B:32:A5,BB_SP_1.2,0.0,2229.6729,0,1181,2229.6729
2017-12-28T08:01:15.981808,2017-12-28T17:10:05.774315,A0:E6:F8:2C:D0:F8,BB_SP_6.1,98.7273,0.0,266,0,98.7273
2017-12-28T08:01:19.416686,2017-12-28T17:10:05.774315,A0:E6:F8:2C:D2:9E,BB_SP_5.1,82.2822,0.0,170,0,82.2822
2017-12-28T07:38:08.859829,2017-12-28T17:10:05.774315,A0:E6:F8:2C:D0:F8,BB_SP_6.1,1411.0068,0.0,311,0,1411.0068
2017-12-28T04:54:55.393498,2017-12-28T17:10:05.774315,A0:E6:F8:2B:32:91,BB_SP_2.2,11066.4813,0.0,428,0,11066.4813
2017-12-28T05:08:02.931754,2017-12-28T17:10:05.774315,A0:E6:F8:2B:2F:D0,BB_SP_2.1,10258.7058,0.0,432,0,10258.7058
2017-12-28T06:35:40.561683,2017-12-28T17:10:05.774315,A0:E6:F8:2B:2F:A4,BB_SP_8.1,4281.2637,0.0,441,0,4281.2637
2017-12-28T02:37:35.657311,2017-12-28T17:10:05.774315,A0:E6:F8:2C:D0:D5,BB_SP_5.2,0.0,18091.7877,0,1772,18091.7877
2017-12-28T07:30:34.489759,2017-12-28T17:10:05.774315,A0:E6:F8:2C:C4:53,BB_SP_10.2,0.6993,171.7359,2133,1023,172.4352
2017-12-28T07:30:46.964592,2017-12-28T17:10:05.774315,A0:E6:F8:2B:32:9F,BB_SP_10.1,0.0,154.4445,0,745,154.4445
2017-12-28T06:35:30.022020,2017-12-28T17:10:05.774315,A0:E6:F8:2B:32:A5,BB_SP_1.2,0.0,3318.5292,0,1185,3318.5292
2017-12-28T07:00:37.836589,2017-12-28T17:10:05.774315,A0:E6:F8:2C:C4:53,BB_SP_10.2,0.6195,965.2797,534,1048,965.8992
2017-12-28T07:00:57.937102,2017-12-28T17:10:05.774315,A0:E6:F8:2B:32:9F,BB_SP_10.1,0.0,709.3023,0,160,709.3023
2017-12-28T07:01:21.148014,2017-12-28T17:10:05.774315,A0:E6:F8:2C:D0:E1,BB_SP_9.2,144.081,0.0,166,0,144.081
2017-12-28T06:55:01.388238,2017-12-28T17:10:05.774315,A0:E6:F8:2B:32:9F,BB_SP_10.1,74.9721,3.696,505,1163,78.6681
2017-12-28T06:48:55.571956,2017-12-28T17:10:05.774315,A0:E6:F8:2C:C4:53,BB_SP_10.2,0.0,366.8112,0,181,366.8112
2017-12-28T06:44:46.619689,2017-12-28T17:10:05.774315,A0:E6:F8:2B:32:9F,BB_SP_10.1,612.7758,2.5977,976,1156,615.3735
2017-12-28T06:44:38.507456,2017-12-28T17:10:05.774315,A0:E6:F8:2C:C4:53,BB_SP_10.2,0.0,162.2502,0,235,162.2502
2017-12-28T06:13:40.898992,2017-12-28T17:10:05.774315,A0:E6:F8:2B:2F:A4,BB_SP_8.1,1321.8219,0.0,584,0,1321.8219
2017-12-28T06:06:33.051512,2017-12-28T17:10:05.774315,A0:E6:F8:2B:32:A5,BB_SP_1.2,0.0,1719.4695,13,826,1719.4695
2017-12-28T05:54:12.996008,2017-12-28T17:10:05.774315,A0:E6:F8:2B:32:A5,BB_SP_1.2,0.0,732.3477,0,801,732.3477
2017-12-28T05:46:35.126241,2017-12-28T17:10:05.774315,A0:E6:F8:2B:32:A5,BB_SP_1.2,0.0,451.8087,0,1179,451.8087
2017-12-28T05:37:22.440777,2017-12-28T17:10:05.774315,A0:E6:F8:2B:32:A5,BB_SP_1.2,0.0,544.8807,108,1183,544.8807
2017-12-28T04:54:57.596628,2017-12-28T17:10:05.774315,A0:E6:F8:2B:2F:D0,BB_SP_2.1,776.5968,0.0,450,0,776.5968
2017-12-28T02:18:18.380967,2017-12-28T17:10:05.774315,A0:E6:F8:2C:D2:9E,BB_SP_5.1,472.1661,0.0,249,0,472.1661
2017-12-28T02:14:28.776561,2017-12-28T17:10:05.774315,A0:E6:F8:2C:D2:9E,BB_SP_5.1,227.3292,0.0,238,0,227.3292
2017-12-28T01:40:06.769676,2017-12-28T17:10:05.774315,A0:E6:F8:2C:D2:9E,BB_SP_5.1,2057.2944,0.0,283,0,2057.2944
2017-12-28T00:14:17.928895,2017-12-28T17:10:05.774315,A0:E6:F8:2C:D2:9E,BB_SP_5.1,5140.5879,0.0,429,0,5140.5879
2017-12-28T00:04:19.197880,2017-12-28T17:10:05.774315,A0:E6:F8:2C:D2:9E,BB_SP_5.1,465.3432,0.0,224,0,465.3432
2017-12-28T00:01:28.636168,2017-12-28T17:10:05.774315,A0:E6:F8:2C:D2:9E,BB_SP_5.1,161.9604,0.0,309,0,161.9604
